conferenceJournalId,proceedingsVolumesIds,domainId
j0,jv0,d0
j0,jv0,d1
c11,cp11,d0
c11,cp11,d3
c11,cp11,d5
j11,jv11,d0
j11,jv11,d3
c29,cp29,d0
c8,cp8,d0
c15,cp15,d0
j30,jv30,d0
c64,cp64,d0
c6,cp6,d0
c6,cp6,d3
c49,cp49,d0
c49,cp49,d3
c69,cp69,d0
c60,cp60,d0
c60,cp60,d1
c74,cp74,d0
j56,jv56,d0
j56,jv56,d3
c97,cp97,d0
c31,cp31,d0
c101,cp101,d0
j58,jv58,d0
j58,jv58,d3
c6,cp6,d0
c10,cp10,d0
c10,cp10,d1
c10,cp10,d3
c51,cp51,d0
c25,cp25,d0
c58,cp58,d0
j81,jv81,d0
j81,jv81,d3
j14,jv14,d0
j14,jv14,d1
j14,jv14,d4
j14,jv14,d13
c59,cp59,d0
c59,cp59,d3
c59,cp59,d6
j58,jv58,d0
j58,jv58,d3
c11,cp11,d0
c19,cp19,d0
c60,cp60,d0
j58,jv58,d0
j58,jv58,d3
c25,cp25,d0
c25,cp25,d2
c80,cp80,d0
c42,cp42,d0
c42,cp42,d3
c73,cp73,d0
c16,cp16,d0
c16,cp16,d3
j142,jv142,d0
j142,jv142,d3
c82,cp82,d0
j144,jv144,d0
j144,jv144,d3
j79,jv79,d0
j79,jv79,d3
j144,jv144,d0
j144,jv144,d3
j145,jv145,d0
j145,jv145,d3
j141,jv141,d0
j141,jv141,d3
c5,cp5,d0
c5,cp5,d3
c65,cp65,d0
c65,cp65,d3
j147,jv147,d0
j147,jv147,d3
j147,jv147,d0
j147,jv147,d3
j145,jv145,d0
j145,jv145,d3
j147,jv147,d0
j147,jv147,d3
c67,cp67,d0
j147,jv147,d0
j147,jv147,d3
j142,jv142,d0
j142,jv142,d3
c19,cp19,d0
c105,cp105,d0
c105,cp105,d3
c104,cp104,d0
c104,cp104,d3
c84,cp84,d0
c45,cp45,d0
c39,cp39,d0
c39,cp39,d3
c100,cp100,d0
c100,cp100,d3
j141,jv141,d0
j141,jv141,d3
c3,cp3,d0
c50,cp50,d0
c50,cp50,d3
j144,jv144,d0
j144,jv144,d3
j144,jv144,d0
j144,jv144,d3
c41,cp41,d0
c41,cp41,d3
c46,cp46,d0
c46,cp46,d3
c29,cp29,d0
c29,cp29,d3
j145,jv145,d0
j145,jv145,d3
c16,cp16,d0
c31,cp31,d0
c31,cp31,d3
j75,jv75,d0
j75,jv75,d3
j112,jv112,d0
j112,jv112,d3
c37,cp37,d0
c7,cp7,d0
c7,cp7,d3
j112,jv112,d0
j112,jv112,d3
c96,cp96,d0
c96,cp96,d3
j151,jv151,d0
j151,jv151,d3
j152,jv152,d0
c29,cp29,d0
c29,cp29,d3
c81,cp81,d0
c81,cp81,d3
c78,cp78,d0
c44,cp44,d0
c44,cp44,d3
c45,cp45,d0
c45,cp45,d3
j144,jv144,d0
j144,jv144,d3
c46,cp46,d0
c46,cp46,d3
c100,cp100,d0
j147,jv147,d0
j147,jv147,d3
c46,cp46,d0
c46,cp46,d3
c70,cp70,d0
c70,cp70,d3
j144,jv144,d0
j144,jv144,d3
j144,jv144,d0
j144,jv144,d3
c90,cp90,d0
c90,cp90,d3
c87,cp87,d0
c87,cp87,d3
j144,jv144,d0
j144,jv144,d3
c49,cp49,d0
c49,cp49,d3
c35,cp35,d0
c35,cp35,d3
c112,cp112,d0
c112,cp112,d3
j147,jv147,d0
j147,jv147,d3
c29,cp29,d0
c29,cp29,d3
j144,jv144,d0
j144,jv144,d3
j144,jv144,d0
j144,jv144,d3
j75,jv75,d0
j75,jv75,d3
c114,cp114,d0
c70,cp70,d0
c70,cp70,d3
j147,jv147,d0
j147,jv147,d3
c95,cp95,d0
j147,jv147,d0
j147,jv147,d3
c61,cp61,d0
c61,cp61,d3
j141,jv141,d0
j141,jv141,d3
c12,cp12,d0
c12,cp12,d3
c96,cp96,d0
c96,cp96,d3
c97,cp97,d0
c97,cp97,d3
c81,cp81,d0
c76,cp76,d0
c76,cp76,d3
c92,cp92,d0
c92,cp92,d3
j147,jv147,d0
j147,jv147,d3
c47,cp47,d0
c47,cp47,d3
j147,jv147,d0
j147,jv147,d3
j144,jv144,d0
j144,jv144,d3
c108,cp108,d0
c47,cp47,d0
c47,cp47,d3
j147,jv147,d0
j147,jv147,d3
c56,cp56,d0
c56,cp56,d3
c45,cp45,d0
c45,cp45,d3
c9,cp9,d0
c9,cp9,d3
c74,cp74,d0
c29,cp29,d0
c29,cp29,d3
c6,cp6,d0
c6,cp6,d3
j147,jv147,d0
j147,jv147,d3
c72,cp72,d0
c72,cp72,d3
c59,cp59,d0
c59,cp59,d3
c41,cp41,d0
c41,cp41,d3
c29,cp29,d0
c29,cp29,d3
c46,cp46,d0
c29,cp29,d0
c29,cp29,d3
c76,cp76,d0
c76,cp76,d3
c14,cp14,d0
c14,cp14,d3
c74,cp74,d0
c74,cp74,d3
c105,cp105,d0
j147,jv147,d0
j147,jv147,d3
c105,cp105,d0
c83,cp83,d0
c83,cp83,d3
c70,cp70,d0
c70,cp70,d3
c29,cp29,d0
c29,cp29,d3
c64,cp64,d0
c64,cp64,d3
c64,cp64,d0
c64,cp64,d18
c37,cp37,d0
c37,cp37,d3
c53,cp53,d0
c21,cp21,d0
c21,cp21,d3
c89,cp89,d0
c89,cp89,d3
c40,cp40,d0
c40,cp40,d3
c98,cp98,d0
c98,cp98,d3
j147,jv147,d0
j147,jv147,d3
c69,cp69,d0
c69,cp69,d3
j167,jv167,d0
j167,jv167,d3
c55,cp55,d0
c55,cp55,d3
c89,cp89,d0
c89,cp89,d3
c29,cp29,d0
c29,cp29,d3
c63,cp63,d0
c63,cp63,d3
c55,cp55,d0
c29,cp29,d0
c29,cp29,d3
c29,cp29,d0
c29,cp29,d3
c45,cp45,d0
c78,cp78,d0
c110,cp110,d0
c110,cp110,d3
c29,cp29,d0
c6,cp6,d0
c85,cp85,d0
c4,cp4,d0
c4,cp4,d3
c59,cp59,d0
c15,cp15,d0
c15,cp15,d3
c59,cp59,d0
c59,cp59,d3
c70,cp70,d0
c70,cp70,d3
c29,cp29,d0
c29,cp29,d3
c4,cp4,d0
c4,cp4,d1
c4,cp4,d3
c4,cp4,d4
c2,cp2,d0
c53,cp53,d0
c53,cp53,d1
c53,cp53,d3
c27,cp27,d0
c27,cp27,d1
c27,cp27,d3
c50,cp50,d0
c0,cp0,d0
j85,jv85,d0
j85,jv85,d1
j85,jv85,d3
c7,cp7,d0
c66,cp66,d0
c89,cp89,d0
c89,cp89,d3
c72,cp72,d0
c50,cp50,d0
j329,jv329,d0
j329,jv329,d3
j329,jv329,d5
j352,jv352,d0
j352,jv352,d1
j352,jv352,d18
c46,cp46,d0
c46,cp46,d1
c46,cp46,d18
c26,cp26,d0
c26,cp26,d3
c26,cp26,d18
c17,cp17,d0
c17,cp17,d3
c17,cp17,d18
c96,cp96,d0
c96,cp96,d18
j214,jv214,d0
j214,jv214,d3
j214,jv214,d18
c39,cp39,d0
c39,cp39,d18
c43,cp43,d0
c43,cp43,d3
c43,cp43,d18
j2,jv2,d1
j2,jv2,d3
j5,jv5,d1
j5,jv5,d4
j6,jv6,d1
j6,jv6,d3
j10,jv10,d1
j10,jv10,d2
j10,jv10,d3
j10,jv10,d6
j10,jv10,d7
c73,cp73,d1
c73,cp73,d3
j14,jv14,d1
j14,jv14,d3
j15,jv15,d1
j18,jv18,d1
j18,jv18,d3
j18,jv18,d9
j20,jv20,d1
j20,jv20,d3
j20,jv20,d5
j21,jv21,d1
j21,jv21,d11
j22,jv22,d1
j24,jv24,d1
j24,jv24,d3
j25,jv25,d1
j25,jv25,d3
j5,jv5,d1
j5,jv5,d4
c65,cp65,d1
c65,cp65,d14
j33,jv33,d1
j33,jv33,d3
j41,jv41,d1
j41,jv41,d2
j43,jv43,d1
c83,cp83,d1
c83,cp83,d3
j45,jv45,d1
j45,jv45,d12
j48,jv48,d1
j48,jv48,d9
c9,cp9,d1
c9,cp9,d3
c9,cp9,d8
j20,jv20,d1
j20,jv20,d3
c10,cp10,d1
c10,cp10,d3
j51,jv51,d1
j51,jv51,d14
j52,jv52,d1
j52,jv52,d3
c78,cp78,d1
c78,cp78,d3
c78,cp78,d6
j54,jv54,d1
j54,jv54,d9
c88,cp88,d1
c88,cp88,d3
j20,jv20,d1
j20,jv20,d2
j20,jv20,d3
c34,cp34,d1
c34,cp34,d3
c37,cp37,d1
c37,cp37,d8
c10,cp10,d1
c10,cp10,d3
c10,cp10,d9
j16,jv16,d1
j16,jv16,d3
j16,jv16,d5
j16,jv16,d9
j16,jv16,d12
j60,jv60,d1
j60,jv60,d4
c10,cp10,d1
c10,cp10,d3
j62,jv62,d1
j62,jv62,d3
j63,jv63,d1
j63,jv63,d4
c80,cp80,d1
c80,cp80,d3
j68,jv68,d1
j68,jv68,d3
c56,cp56,d1
c56,cp56,d14
c10,cp10,d1
c10,cp10,d3
c10,cp10,d13
j72,jv72,d1
c10,cp10,d1
c10,cp10,d3
j62,jv62,d1
j62,jv62,d3
j20,jv20,d1
j20,jv20,d3
j20,jv20,d5
j83,jv83,d1
j83,jv83,d2
j85,jv85,d1
j85,jv85,d3
j85,jv85,d4
j91,jv91,d1
j91,jv91,d2
c34,cp34,d1
c34,cp34,d3
c88,cp88,d1
c88,cp88,d3
c88,cp88,d8
j96,jv96,d1
j96,jv96,d3
j97,jv97,d1
j97,jv97,d12
c41,cp41,d1
j62,jv62,d1
j62,jv62,d6
j98,jv98,d1
j98,jv98,d3
j0,jv0,d1
j0,jv0,d4
j102,jv102,d1
j102,jv102,d4
j103,jv103,d1
j103,jv103,d12
j105,jv105,d1
j105,jv105,d3
j106,jv106,d1
j106,jv106,d12
j107,jv107,d1
j107,jv107,d3
j108,jv108,d1
j108,jv108,d14
j97,jv97,d1
j60,jv60,d1
j60,jv60,d4
j111,jv111,d1
j111,jv111,d18
j97,jv97,d1
j97,jv97,d13
j97,jv97,d1
j97,jv97,d3
j97,jv97,d1
j114,jv114,d1
j114,jv114,d12
j116,jv116,d1
j116,jv116,d3
j97,jv97,d1
j97,jv97,d17
j97,jv97,d1
j97,jv97,d4
j117,jv117,d1
j117,jv117,d3
j118,jv118,d1
j118,jv118,d3
j118,jv118,d9
j119,jv119,d1
j60,jv60,d1
j60,jv60,d4
j120,jv120,d1
c76,cp76,d1
c104,cp104,d1
j14,jv14,d1
j14,jv14,d2
j14,jv14,d3
j14,jv14,d6
j6,jv6,d1
j6,jv6,d4
j124,jv124,d1
j124,jv124,d2
j124,jv124,d3
j124,jv124,d5
j124,jv124,d9
j125,jv125,d1
j125,jv125,d12
j126,jv126,d1
j126,jv126,d9
j97,jv97,d1
j97,jv97,d9
j127,jv127,d1
j127,jv127,d3
j127,jv127,d1
j127,jv127,d3
j108,jv108,d1
c112,cp112,d1
j128,jv128,d1
j130,jv130,d1
j130,jv130,d4
j97,jv97,d1
j97,jv97,d14
j97,jv97,d1
j97,jv97,d3
j97,jv97,d12
j97,jv97,d1
j97,jv97,d3
j60,jv60,d1
j60,jv60,d4
j132,jv132,d1
j132,jv132,d3
j125,jv125,d1
j125,jv125,d12
c60,cp60,d1
c60,cp60,d3
j97,jv97,d1
j97,jv97,d1
j97,jv97,d12
c52,cp52,d1
c52,cp52,d3
j133,jv133,d1
j133,jv133,d3
j60,jv60,d1
j60,jv60,d4
c97,cp97,d1
c97,cp97,d12
j96,jv96,d1
j136,jv136,d1
j136,jv136,d2
j136,jv136,d3
j136,jv136,d4
j14,jv14,d1
j14,jv14,d3
j96,jv96,d1
j96,jv96,d9
j97,jv97,d1
c54,cp54,d1
c54,cp54,d3
j97,jv97,d1
j97,jv97,d9
j103,jv103,d1
j140,jv140,d1
j150,jv150,d1
j150,jv150,d3
j153,jv153,d1
j153,jv153,d3
j153,jv153,d4
j172,jv172,d1
j172,jv172,d4
j102,jv102,d1
j102,jv102,d3
j102,jv102,d4
j5,jv5,d1
j5,jv5,d4
c89,cp89,d1
c89,cp89,d3
c105,cp105,d1
c105,cp105,d3
j0,jv0,d1
c112,cp112,d1
c112,cp112,d3
j173,jv173,d1
j173,jv173,d3
c78,cp78,d1
c78,cp78,d3
c78,cp78,d4
j0,jv0,d1
j0,jv0,d3
c51,cp51,d1
c51,cp51,d3
c66,cp66,d1
c66,cp66,d3
j174,jv174,d1
j174,jv174,d3
c46,cp46,d1
c46,cp46,d3
c46,cp46,d4
c46,cp46,d18
j102,jv102,d1
j102,jv102,d4
c91,cp91,d1
c91,cp91,d3
c64,cp64,d1
c64,cp64,d3
c64,cp64,d4
j175,jv175,d1
j175,jv175,d4
j176,jv176,d1
j176,jv176,d4
j130,jv130,d1
c0,cp0,d1
c0,cp0,d3
c89,cp89,d1
c89,cp89,d3
c8,cp8,d1
c8,cp8,d3
j178,jv178,d1
j178,jv178,d4
c101,cp101,d1
c101,cp101,d3
c101,cp101,d4
j153,jv153,d1
j153,jv153,d3
j153,jv153,d4
j179,jv179,d1
j179,jv179,d3
c77,cp77,d1
c77,cp77,d3
c77,cp77,d4
c31,cp31,d1
c31,cp31,d3
c14,cp14,d1
c14,cp14,d3
c14,cp14,d4
c14,cp14,d18
j180,jv180,d1
j68,jv68,d1
j68,jv68,d3
c46,cp46,d1
c46,cp46,d3
c46,cp46,d4
c20,cp20,d1
c20,cp20,d3
c20,cp20,d4
c84,cp84,d1
c84,cp84,d3
c84,cp84,d4
c30,cp30,d1
c30,cp30,d3
c30,cp30,d4
c30,cp30,d18
c90,cp90,d1
c90,cp90,d3
c90,cp90,d4
j181,jv181,d1
j181,jv181,d3
c98,cp98,d1
c98,cp98,d3
j182,jv182,d1
j182,jv182,d4
c52,cp52,d1
c52,cp52,d3
c9,cp9,d1
c9,cp9,d3
c9,cp9,d4
c9,cp9,d5
c2,cp2,d1
c2,cp2,d3
c2,cp2,d4
c2,cp2,d18
j183,jv183,d1
j183,jv183,d3
c80,cp80,d1
c80,cp80,d3
c13,cp13,d1
c13,cp13,d3
j185,jv185,d1
j185,jv185,d3
c109,cp109,d1
c109,cp109,d3
c109,cp109,d18
j186,jv186,d1
j186,jv186,d4
j68,jv68,d1
j68,jv68,d4
j187,jv187,d1
j187,jv187,d4
j188,jv188,d1
j188,jv188,d3
c82,cp82,d1
c82,cp82,d3
j153,jv153,d1
j153,jv153,d3
j153,jv153,d4
j189,jv189,d1
j189,jv189,d3
c107,cp107,d1
c107,cp107,d3
c40,cp40,d1
c40,cp40,d3
c40,cp40,d8
j68,jv68,d1
j68,jv68,d4
j190,jv190,d1
j190,jv190,d3
j85,jv85,d1
j85,jv85,d3
j85,jv85,d4
c67,cp67,d1
c67,cp67,d3
j191,jv191,d1
j191,jv191,d4
j178,jv178,d1
j153,jv153,d1
j153,jv153,d3
j153,jv153,d4
j187,jv187,d1
j187,jv187,d4
j68,jv68,d1
j68,jv68,d3
c87,cp87,d1
c87,cp87,d3
j153,jv153,d1
j153,jv153,d4
j192,jv192,d1
j193,jv193,d1
j193,jv193,d3
j194,jv194,d1
j194,jv194,d3
c69,cp69,d1
c69,cp69,d3
j195,jv195,d1
c6,cp6,d1
c6,cp6,d3
c9,cp9,d1
c9,cp9,d3
c9,cp9,d4
j153,jv153,d1
j153,jv153,d3
j153,jv153,d4
j85,jv85,d1
j85,jv85,d3
c64,cp64,d1
j196,jv196,d1
j196,jv196,d4
j153,jv153,d1
j153,jv153,d3
j153,jv153,d4
j197,jv197,d1
j197,jv197,d3
j199,jv199,d1
j199,jv199,d3
j85,jv85,d1
j85,jv85,d3
j85,jv85,d1
j85,jv85,d3
j85,jv85,d4
j175,jv175,d1
j175,jv175,d4
c59,cp59,d1
c59,cp59,d3
j200,jv200,d1
j200,jv200,d4
c36,cp36,d1
c36,cp36,d3
c36,cp36,d4
j102,jv102,d1
j102,jv102,d4
c114,cp114,d1
c114,cp114,d3
c59,cp59,d1
c59,cp59,d3
j202,jv202,d1
j202,jv202,d3
c66,cp66,d1
c66,cp66,d3
j203,jv203,d1
j203,jv203,d4
c58,cp58,d1
c58,cp58,d3
c58,cp58,d4
c11,cp11,d1
c11,cp11,d3
j108,jv108,d1
j108,jv108,d3
c17,cp17,d1
c17,cp17,d3
c33,cp33,d1
c33,cp33,d3
c5,cp5,d1
c5,cp5,d3
c5,cp5,d4
j204,jv204,d1
j204,jv204,d3
j85,jv85,d1
j85,jv85,d3
j205,jv205,d1
j205,jv205,d4
c6,cp6,d1
c6,cp6,d3
c6,cp6,d4
c100,cp100,d1
c100,cp100,d3
j85,jv85,d1
j85,jv85,d3
j85,jv85,d4
j85,jv85,d5
j206,jv206,d1
j206,jv206,d7
j207,jv207,d1
j207,jv207,d4
c46,cp46,d1
c46,cp46,d2
c46,cp46,d3
c46,cp46,d4
c56,cp56,d1
c56,cp56,d3
c113,cp113,d1
c113,cp113,d3
j208,jv208,d1
j208,jv208,d4
j208,jv208,d18
c62,cp62,d1
c62,cp62,d3
c62,cp62,d4
c62,cp62,d18
j85,jv85,d1
j85,jv85,d3
j85,jv85,d4
c114,cp114,d1
c114,cp114,d3
c114,cp114,d4
c24,cp24,d1
c24,cp24,d4
j209,jv209,d1
j209,jv209,d4
j210,jv210,d1
j210,jv210,d4
c9,cp9,d1
c9,cp9,d3
c9,cp9,d4
c106,cp106,d1
c106,cp106,d3
c106,cp106,d18
j211,jv211,d1
j211,jv211,d4
j189,jv189,d1
j189,jv189,d3
j212,jv212,d1
j212,jv212,d4
j213,jv213,d1
c51,cp51,d1
c51,cp51,d3
c110,cp110,d1
c110,cp110,d3
j85,jv85,d1
j85,jv85,d3
j85,jv85,d4
j85,jv85,d18
j85,jv85,d1
j85,jv85,d3
c18,cp18,d1
c18,cp18,d3
j214,jv214,d1
j214,jv214,d3
j214,jv214,d7
j85,jv85,d1
j85,jv85,d3
j6,jv6,d1
j6,jv6,d4
j85,jv85,d1
j85,jv85,d3
j215,jv215,d1
j215,jv215,d4
j85,jv85,d1
j85,jv85,d3
c93,cp93,d1
c93,cp93,d3
c93,cp93,d4
c19,cp19,d1
c19,cp19,d3
j216,jv216,d1
j216,jv216,d4
j108,jv108,d1
j108,jv108,d4
c39,cp39,d1
c39,cp39,d3
c39,cp39,d4
j217,jv217,d1
j217,jv217,d4
c52,cp52,d1
c52,cp52,d3
c52,cp52,d4
c75,cp75,d1
c75,cp75,d3
j199,jv199,d1
j199,jv199,d7
j218,jv218,d1
j218,jv218,d7
j108,jv108,d1
j108,jv108,d4
c97,cp97,d1
c97,cp97,d3
j85,jv85,d1
j85,jv85,d3
c13,cp13,d1
c13,cp13,d3
c13,cp13,d4
c83,cp83,d1
c83,cp83,d3
c83,cp83,d4
j219,jv219,d1
j219,jv219,d3
j220,jv220,d1
j220,jv220,d4
j85,jv85,d1
j85,jv85,d3
j85,jv85,d4
c89,cp89,d1
c89,cp89,d3
c89,cp89,d4
c59,cp59,d1
c59,cp59,d3
c59,cp59,d4
j221,jv221,d1
j221,jv221,d4
j85,jv85,d1
j85,jv85,d3
c50,cp50,d1
c50,cp50,d3
c50,cp50,d4
j223,jv223,d1
j223,jv223,d4
c3,cp3,d1
c3,cp3,d3
j224,jv224,d1
j224,jv224,d4
j224,jv224,d1
j224,jv224,d4
j85,jv85,d1
j85,jv85,d3
j218,jv218,d1
j218,jv218,d3
j10,jv10,d1
j10,jv10,d7
j225,jv225,d1
j225,jv225,d3
c23,cp23,d1
c23,cp23,d3
j226,jv226,d1
j226,jv226,d3
j24,jv24,d1
j24,jv24,d3
j85,jv85,d1
j85,jv85,d3
j85,jv85,d4
j178,jv178,d1
j178,jv178,d4
c63,cp63,d1
c63,cp63,d3
j227,jv227,d1
j227,jv227,d4
c29,cp29,d1
c29,cp29,d4
c84,cp84,d1
j228,jv228,d1
c77,cp77,d1
c77,cp77,d3
c77,cp77,d4
c32,cp32,d1
c32,cp32,d3
j229,jv229,d1
j229,jv229,d3
c59,cp59,d1
c59,cp59,d3
c59,cp59,d9
j226,jv226,d1
j226,jv226,d3
c97,cp97,d1
c97,cp97,d3
j231,jv231,d1
j231,jv231,d4
j85,jv85,d1
j85,jv85,d3
j232,jv232,d1
j232,jv232,d4
j232,jv232,d7
j85,jv85,d1
j85,jv85,d3
j85,jv85,d4
j233,jv233,d1
j233,jv233,d4
c33,cp33,d1
c33,cp33,d3
c46,cp46,d1
c46,cp46,d3
j221,jv221,d1
j221,jv221,d4
j234,jv234,d1
j234,jv234,d4
c93,cp93,d1
c93,cp93,d3
c29,cp29,d1
c29,cp29,d3
c29,cp29,d4
c110,cp110,d1
c110,cp110,d3
c110,cp110,d4
j235,jv235,d1
j235,jv235,d4
j189,jv189,d1
j189,jv189,d3
c10,cp10,d1
c10,cp10,d3
c10,cp10,d4
c88,cp88,d1
c88,cp88,d3
c88,cp88,d4
c96,cp96,d1
c96,cp96,d3
c96,cp96,d4
j60,jv60,d1
j60,jv60,d4
c28,cp28,d1
c28,cp28,d3
c72,cp72,d1
c72,cp72,d3
c63,cp63,d1
c63,cp63,d3
c79,cp79,d1
c79,cp79,d3
j237,jv237,d1
j237,jv237,d4
j172,jv172,d1
j172,jv172,d3
c3,cp3,d1
c3,cp3,d4
j238,jv238,d1
j238,jv238,d4
j20,jv20,d1
j20,jv20,d4
c73,cp73,d1
c73,cp73,d3
j0,jv0,d1
j0,jv0,d3
c53,cp53,d1
c53,cp53,d3
c83,cp83,d1
c83,cp83,d3
c83,cp83,d4
c21,cp21,d1
c21,cp21,d3
c21,cp21,d4
j239,jv239,d1
j239,jv239,d3
j240,jv240,d1
j240,jv240,d4
j240,jv240,d18
j219,jv219,d1
j219,jv219,d3
j85,jv85,d1
j85,jv85,d3
c11,cp11,d1
c11,cp11,d3
j241,jv241,d1
j241,jv241,d4
c28,cp28,d1
c28,cp28,d3
c51,cp51,d1
c51,cp51,d4
j85,jv85,d1
j85,jv85,d3
c10,cp10,d1
c10,cp10,d3
j242,jv242,d1
j219,jv219,d1
j219,jv219,d3
c106,cp106,d1
c106,cp106,d3
c106,cp106,d4
c31,cp31,d1
c31,cp31,d3
c31,cp31,d4
j243,jv243,d1
j243,jv243,d4
c25,cp25,d1
c25,cp25,d3
c25,cp25,d9
j244,jv244,d1
j244,jv244,d3
j209,jv209,d1
j209,jv209,d4
j85,jv85,d1
j85,jv85,d3
c59,cp59,d1
c59,cp59,d3
c59,cp59,d4
j245,jv245,d1
j245,jv245,d3
c29,cp29,d1
c29,cp29,d3
c29,cp29,d4
c6,cp6,d1
c6,cp6,d3
c64,cp64,d1
c64,cp64,d3
c64,cp64,d4
c104,cp104,d1
c104,cp104,d3
j85,jv85,d1
j85,jv85,d3
c65,cp65,d1
c65,cp65,d3
c65,cp65,d4
j85,jv85,d1
j85,jv85,d3
j97,jv97,d1
j97,jv97,d4
j153,jv153,d1
j153,jv153,d3
j153,jv153,d4
c103,cp103,d1
c103,cp103,d3
j246,jv246,d1
j246,jv246,d3
c58,cp58,d1
c58,cp58,d3
c58,cp58,d4
c112,cp112,d1
c112,cp112,d3
c112,cp112,d4
j20,jv20,d1
j20,jv20,d4
j102,jv102,d1
j102,jv102,d4
j247,jv247,d1
j247,jv247,d3
c22,cp22,d1
c22,cp22,d3
j248,jv248,d1
j20,jv20,d1
j20,jv20,d4
c92,cp92,d1
c92,cp92,d3
c92,cp92,d4
j85,jv85,d1
j85,jv85,d3
j153,jv153,d1
j153,jv153,d3
j153,jv153,d4
j85,jv85,d1
j85,jv85,d3
j85,jv85,d4
c63,cp63,d1
c63,cp63,d3
c25,cp25,d1
c25,cp25,d3
c22,cp22,d1
c22,cp22,d3
c113,cp113,d1
c113,cp113,d3
c68,cp68,d1
c68,cp68,d3
c68,cp68,d4
c103,cp103,d1
c103,cp103,d3
c103,cp103,d4
c103,cp103,d18
c34,cp34,d1
c34,cp34,d3
c34,cp34,d18
c93,cp93,d1
c93,cp93,d3
c103,cp103,d1
c103,cp103,d3
j6,jv6,d1
j6,jv6,d4
c14,cp14,d1
c14,cp14,d3
c14,cp14,d4
c23,cp23,d1
c23,cp23,d3
c23,cp23,d4
j250,jv250,d1
j250,jv250,d4
j250,jv250,d18
j194,jv194,d1
j194,jv194,d3
c67,cp67,d1
c67,cp67,d3
c38,cp38,d1
c38,cp38,d3
c38,cp38,d18
c78,cp78,d1
c78,cp78,d3
c78,cp78,d17
j85,jv85,d1
j85,jv85,d3
j251,jv251,d1
c72,cp72,d1
c72,cp72,d3
c74,cp74,d1
c74,cp74,d3
j252,jv252,d1
j252,jv252,d4
c45,cp45,d1
c45,cp45,d3
j253,jv253,d1
j253,jv253,d4
c14,cp14,d1
c14,cp14,d3
c14,cp14,d4
c20,cp20,d1
c20,cp20,d3
c92,cp92,d1
c92,cp92,d3
j254,jv254,d1
j255,jv255,d1
j255,jv255,d4
j20,jv20,d1
j20,jv20,d4
j85,jv85,d1
j85,jv85,d3
c77,cp77,d1
c77,cp77,d3
c77,cp77,d4
j153,jv153,d1
j153,jv153,d3
j153,jv153,d4
j153,jv153,d1
j153,jv153,d3
j153,jv153,d4
c27,cp27,d1
c27,cp27,d3
c17,cp17,d1
c17,cp17,d3
j256,jv256,d1
j102,jv102,d1
j102,jv102,d4
j130,jv130,d1
j130,jv130,d3
j179,jv179,d1
j179,jv179,d3
j85,jv85,d1
j85,jv85,d3
c65,cp65,d1
c65,cp65,d3
c65,cp65,d4
c33,cp33,d1
c33,cp33,d3
c33,cp33,d4
j85,jv85,d1
j85,jv85,d3
c28,cp28,d1
c28,cp28,d3
c28,cp28,d4
c53,cp53,d1
c53,cp53,d3
c53,cp53,d4
c60,cp60,d1
c60,cp60,d3
j257,jv257,d1
j257,jv257,d3
j102,jv102,d1
j102,jv102,d3
j102,jv102,d4
j20,jv20,d1
j20,jv20,d4
c72,cp72,d1
c72,cp72,d3
c72,cp72,d4
c78,cp78,d1
c78,cp78,d3
c78,cp78,d4
c78,cp78,d18
j258,jv258,d1
j258,jv258,d5
j259,jv259,d1
j259,jv259,d3
j259,jv259,d4
c83,cp83,d1
c83,cp83,d3
c83,cp83,d4
c83,cp83,d18
j85,jv85,d1
j85,jv85,d3
j260,jv260,d1
j260,jv260,d3
j97,jv97,d1
j97,jv97,d4
j209,jv209,d1
j209,jv209,d4
c41,cp41,d1
c41,cp41,d3
c107,cp107,d1
c107,cp107,d3
c107,cp107,d4
j187,jv187,d1
j187,jv187,d4
c63,cp63,d1
c63,cp63,d4
j5,jv5,d1
j5,jv5,d4
c46,cp46,d1
c46,cp46,d3
c46,cp46,d4
c46,cp46,d18
j175,jv175,d1
j175,jv175,d4
c86,cp86,d1
c86,cp86,d3
c86,cp86,d4
c104,cp104,d1
c104,cp104,d3
c104,cp104,d4
j234,jv234,d1
j234,jv234,d4
c6,cp6,d1
c6,cp6,d7
j262,jv262,d1
j219,jv219,d1
j219,jv219,d3
c77,cp77,d1
c77,cp77,d3
c28,cp28,d1
c28,cp28,d3
j97,jv97,d1
j97,jv97,d4
j263,jv263,d1
j263,jv263,d3
j234,jv234,d1
j234,jv234,d4
j264,jv264,d1
j264,jv264,d3
c15,cp15,d1
c15,cp15,d3
j85,jv85,d1
j85,jv85,d3
c71,cp71,d1
c71,cp71,d3
j265,jv265,d1
j265,jv265,d3
c94,cp94,d1
c94,cp94,d3
j85,jv85,d1
j85,jv85,d3
c28,cp28,d1
c28,cp28,d3
c112,cp112,d1
c112,cp112,d3
c112,cp112,d4
j5,jv5,d1
j5,jv5,d4
c66,cp66,d1
c66,cp66,d3
c66,cp66,d4
j266,jv266,d1
j266,jv266,d7
j266,jv266,d18
j267,jv267,d1
j267,jv267,d4
j223,jv223,d1
j223,jv223,d4
c109,cp109,d1
c109,cp109,d3
j85,jv85,d1
j85,jv85,d3
j85,jv85,d4
c40,cp40,d1
c40,cp40,d3
j268,jv268,d1
j268,jv268,d5
j20,jv20,d1
j20,jv20,d4
j175,jv175,d1
j175,jv175,d4
c56,cp56,d1
c56,cp56,d3
c56,cp56,d4
j85,jv85,d1
j85,jv85,d3
j269,jv269,d1
j269,jv269,d3
c26,cp26,d1
c26,cp26,d3
c26,cp26,d4
c26,cp26,d18
j85,jv85,d1
j85,jv85,d3
j97,jv97,d1
j97,jv97,d4
j270,jv270,d1
j270,jv270,d4
j271,jv271,d1
j271,jv271,d4
j85,jv85,d1
j85,jv85,d3
c1,cp1,d1
c1,cp1,d3
c7,cp7,d1
c7,cp7,d3
j272,jv272,d1
j272,jv272,d3
j273,jv273,d1
j273,jv273,d4
j85,jv85,d1
j85,jv85,d3
j85,jv85,d1
j85,jv85,d3
c100,cp100,d1
c100,cp100,d3
j216,jv216,d1
c24,cp24,d1
c24,cp24,d3
j274,jv274,d1
j187,jv187,d1
j187,jv187,d3
j187,jv187,d4
j187,jv187,d18
j102,jv102,d1
j102,jv102,d18
j275,jv275,d1
j275,jv275,d3
c100,cp100,d1
c100,cp100,d4
j274,jv274,d1
j274,jv274,d4
j274,jv274,d18
j276,jv276,d1
j276,jv276,d3
j277,jv277,d1
j277,jv277,d4
j85,jv85,d1
j85,jv85,d3
j85,jv85,d1
j85,jv85,d3
j85,jv85,d4
j85,jv85,d1
j85,jv85,d3
j85,jv85,d4
j278,jv278,d1
j278,jv278,d4
j62,jv62,d1
j62,jv62,d8
j274,jv274,d1
j274,jv274,d4
c92,cp92,d1
c92,cp92,d3
c1,cp1,d1
c1,cp1,d3
j280,jv280,d1
j280,jv280,d2
j280,jv280,d4
j6,jv6,d1
j6,jv6,d3
j281,jv281,d1
j281,jv281,d3
j282,jv282,d1
j282,jv282,d3
j283,jv283,d1
j283,jv283,d3
c7,cp7,d1
c7,cp7,d3
j153,jv153,d1
j153,jv153,d3
j153,jv153,d4
j288,jv288,d1
j288,jv288,d9
c48,cp48,d1
c48,cp48,d3
j289,jv289,d1
j289,jv289,d3
c41,cp41,d1
c41,cp41,d3
c41,cp41,d5
j290,jv290,d1
j290,jv290,d9
j292,jv292,d1
j292,jv292,d9
j294,jv294,d1
j294,jv294,d9
j295,jv295,d1
j295,jv295,d3
j296,jv296,d1
j296,jv296,d9
j297,jv297,d1
j297,jv297,d3
j108,jv108,d1
j108,jv108,d3
c79,cp79,d1
c79,cp79,d3
c79,cp79,d5
c43,cp43,d1
c43,cp43,d3
j265,jv265,d1
j265,jv265,d3
j91,jv91,d1
j91,jv91,d2
j91,jv91,d3
c16,cp16,d1
c16,cp16,d3
c16,cp16,d5
j295,jv295,d1
j295,jv295,d3
j299,jv299,d1
j299,jv299,d3
j299,jv299,d5
j179,jv179,d1
j179,jv179,d3
j179,jv179,d1
j179,jv179,d3
j300,jv300,d1
j300,jv300,d9
j301,jv301,d1
j301,jv301,d4
j280,jv280,d1
j280,jv280,d4
j103,jv103,d1
j103,jv103,d3
j302,jv302,d1
j302,jv302,d5
j303,jv303,d1
j303,jv303,d3
j304,jv304,d1
j304,jv304,d4
j10,jv10,d1
j10,jv10,d7
j305,jv305,d1
j306,jv306,d1
j306,jv306,d7
j307,jv307,d1
j307,jv307,d3
j307,jv307,d4
j308,jv308,d1
j308,jv308,d3
j308,jv308,d5
j214,jv214,d1
j214,jv214,d3
j214,jv214,d5
j20,jv20,d1
j20,jv20,d3
j314,jv314,d1
j314,jv314,d7
j102,jv102,d1
j102,jv102,d4
j20,jv20,d1
j20,jv20,d2
j20,jv20,d3
c62,cp62,d1
c62,cp62,d9
j91,jv91,d1
j91,jv91,d2
j326,jv326,d1
j326,jv326,d3
j328,jv328,d1
j328,jv328,d3
j0,jv0,d1
j0,jv0,d7
j108,jv108,d1
j108,jv108,d3
c99,cp99,d1
c99,cp99,d3
c43,cp43,d1
c43,cp43,d2
c43,cp43,d5
j332,jv332,d1
j332,jv332,d3
j333,jv333,d1
j333,jv333,d3
j333,jv333,d5
j299,jv299,d1
j299,jv299,d3
j299,jv299,d5
c67,cp67,d1
c67,cp67,d3
c67,cp67,d5
j62,jv62,d1
j62,jv62,d2
j20,jv20,d1
j20,jv20,d2
j20,jv20,d3
j20,jv20,d5
j335,jv335,d1
j335,jv335,d3
c69,cp69,d1
c69,cp69,d3
j339,jv339,d1
j339,jv339,d3
j20,jv20,d1
j20,jv20,d5
j299,jv299,d1
j299,jv299,d3
j341,jv341,d1
j341,jv341,d3
j341,jv341,d4
j341,jv341,d5
c92,cp92,d1
c92,cp92,d7
c92,cp92,d18
c104,cp104,d1
c104,cp104,d3
c104,cp104,d4
c104,cp104,d18
j14,jv14,d1
j14,jv14,d3
j14,jv14,d18
c29,cp29,d1
c29,cp29,d3
c29,cp29,d18
c62,cp62,d1
c62,cp62,d3
c62,cp62,d4
c62,cp62,d18
c64,cp64,d1
c64,cp64,d3
c64,cp64,d4
c64,cp64,d18
j240,jv240,d1
j240,jv240,d4
j240,jv240,d18
c16,cp16,d1
c16,cp16,d3
c16,cp16,d4
c16,cp16,d18
c92,cp92,d1
c92,cp92,d3
c92,cp92,d4
c92,cp92,d18
c79,cp79,d1
c79,cp79,d3
c79,cp79,d4
c79,cp79,d18
c0,cp0,d1
c0,cp0,d3
c0,cp0,d4
c0,cp0,d18
j102,jv102,d1
j102,jv102,d4
j102,jv102,d18
c20,cp20,d1
c20,cp20,d3
c20,cp20,d4
c20,cp20,d18
j299,jv299,d1
j299,jv299,d3
j299,jv299,d18
j240,jv240,d1
j240,jv240,d4
j240,jv240,d18
c29,cp29,d1
c29,cp29,d4
c29,cp29,d18
c33,cp33,d1
c33,cp33,d3
c33,cp33,d4
c33,cp33,d18
c88,cp88,d1
c88,cp88,d3
c88,cp88,d18
c89,cp89,d1
c89,cp89,d3
c89,cp89,d4
c89,cp89,d18
j48,jv48,d1
j48,jv48,d18
c113,cp113,d1
c113,cp113,d3
c113,cp113,d4
c113,cp113,d18
c104,cp104,d1
c104,cp104,d3
c104,cp104,d4
c104,cp104,d18
j314,jv314,d1
j314,jv314,d6
j314,jv314,d7
j314,jv314,d18
j344,jv344,d1
j344,jv344,d3
j344,jv344,d4
j344,jv344,d18
c97,cp97,d1
c97,cp97,d3
c97,cp97,d4
c97,cp97,d18
c2,cp2,d1
c2,cp2,d3
c2,cp2,d4
c2,cp2,d18
c88,cp88,d1
c88,cp88,d3
c88,cp88,d4
c88,cp88,d18
c99,cp99,d1
c99,cp99,d3
c99,cp99,d4
c99,cp99,d18
j206,jv206,d1
j206,jv206,d3
j206,jv206,d7
j206,jv206,d18
c74,cp74,d1
c74,cp74,d3
c74,cp74,d4
c74,cp74,d18
j346,jv346,d1
j346,jv346,d18
c41,cp41,d1
c41,cp41,d3
c41,cp41,d4
c41,cp41,d18
j173,jv173,d1
j173,jv173,d3
j173,jv173,d18
c4,cp4,d1
c4,cp4,d3
c4,cp4,d18
c1,cp1,d1
c1,cp1,d3
c1,cp1,d4
c1,cp1,d18
j85,jv85,d1
j85,jv85,d3
j85,jv85,d4
j85,jv85,d18
c28,cp28,d1
c28,cp28,d3
c28,cp28,d4
c28,cp28,d18
c54,cp54,d1
c54,cp54,d3
c54,cp54,d4
c54,cp54,d18
c20,cp20,d1
c20,cp20,d3
c20,cp20,d4
c20,cp20,d18
c112,cp112,d1
c112,cp112,d3
c112,cp112,d4
c112,cp112,d18
j347,jv347,d1
j347,jv347,d3
j347,jv347,d18
j348,jv348,d1
j348,jv348,d4
j348,jv348,d18
c80,cp80,d1
c80,cp80,d3
c80,cp80,d4
c80,cp80,d18
c24,cp24,d1
c24,cp24,d3
c24,cp24,d4
c24,cp24,d18
c7,cp7,d1
c7,cp7,d3
c7,cp7,d4
c7,cp7,d18
c111,cp111,d1
c111,cp111,d3
c111,cp111,d4
c111,cp111,d18
c16,cp16,d1
c16,cp16,d3
c16,cp16,d4
c16,cp16,d18
c97,cp97,d1
c97,cp97,d3
c97,cp97,d4
c97,cp97,d18
c2,cp2,d1
c2,cp2,d3
c2,cp2,d4
c2,cp2,d18
c105,cp105,d1
c105,cp105,d3
c105,cp105,d4
c105,cp105,d18
j351,jv351,d1
j351,jv351,d4
j351,jv351,d18
c107,cp107,d1
c107,cp107,d3
c107,cp107,d4
c107,cp107,d18
j353,jv353,d1
j353,jv353,d7
j353,jv353,d18
c98,cp98,d1
c98,cp98,d3
c98,cp98,d4
c98,cp98,d18
c1,cp1,d1
c1,cp1,d3
c1,cp1,d4
c1,cp1,d18
c41,cp41,d1
c41,cp41,d3
c41,cp41,d4
c41,cp41,d18
c43,cp43,d1
c43,cp43,d4
c43,cp43,d18
j14,jv14,d1
j14,jv14,d3
j14,jv14,d18
c14,cp14,d1
c14,cp14,d3
c14,cp14,d4
c14,cp14,d18
c112,cp112,d1
c112,cp112,d3
c112,cp112,d4
c112,cp112,d18
c17,cp17,d1
c17,cp17,d3
c17,cp17,d4
c17,cp17,d18
c83,cp83,d1
c83,cp83,d3
c83,cp83,d4
c83,cp83,d18
c36,cp36,d1
c36,cp36,d3
c36,cp36,d18
c105,cp105,d1
c105,cp105,d3
c105,cp105,d4
c105,cp105,d18
j224,jv224,d1
j224,jv224,d4
j224,jv224,d18
c96,cp96,d1
c96,cp96,d3
c96,cp96,d4
c96,cp96,d18
c50,cp50,d1
c50,cp50,d3
c50,cp50,d4
c50,cp50,d18
c49,cp49,d1
c49,cp49,d3
c49,cp49,d18
c63,cp63,d1
c63,cp63,d3
c63,cp63,d4
c63,cp63,d18
c88,cp88,d1
c88,cp88,d3
c88,cp88,d4
c88,cp88,d18
j357,jv357,d1
j357,jv357,d4
j357,jv357,d18
j358,jv358,d1
j358,jv358,d3
j358,jv358,d18
c95,cp95,d1
c95,cp95,d3
c95,cp95,d4
c95,cp95,d18
j245,jv245,d1
j245,jv245,d3
j245,jv245,d18
c113,cp113,d1
c113,cp113,d3
c113,cp113,d4
c113,cp113,d18
c14,cp14,d1
c14,cp14,d3
c14,cp14,d18
j359,jv359,d1
j359,jv359,d18
j102,jv102,d1
j102,jv102,d4
j102,jv102,d18
c112,cp112,d1
c112,cp112,d3
c112,cp112,d4
c112,cp112,d18
c61,cp61,d1
c61,cp61,d3
c61,cp61,d8
c61,cp61,d18
c110,cp110,d1
c110,cp110,d3
c110,cp110,d4
c110,cp110,d18
c87,cp87,d1
c87,cp87,d3
c87,cp87,d4
c87,cp87,d18
c87,cp87,d1
c87,cp87,d3
c87,cp87,d4
c87,cp87,d18
j360,jv360,d1
j360,jv360,d18
j361,jv361,d1
j361,jv361,d18
j362,jv362,d1
j362,jv362,d4
j362,jv362,d18
c29,cp29,d1
c29,cp29,d3
c29,cp29,d18
c16,cp16,d1
c16,cp16,d3
c16,cp16,d4
c16,cp16,d18
c96,cp96,d1
c96,cp96,d3
c96,cp96,d4
c96,cp96,d18
j363,jv363,d1
j363,jv363,d4
j363,jv363,d18
c53,cp53,d1
c53,cp53,d3
c53,cp53,d18
c13,cp13,d1
c13,cp13,d3
c13,cp13,d4
c13,cp13,d18
j107,jv107,d1
j107,jv107,d3
j107,jv107,d18
c67,cp67,d1
c67,cp67,d3
c67,cp67,d18
c39,cp39,d1
c39,cp39,d3
c39,cp39,d18
c10,cp10,d1
c10,cp10,d3
c10,cp10,d4
c10,cp10,d18
j102,jv102,d1
j102,jv102,d18
c30,cp30,d1
c30,cp30,d3
c30,cp30,d4
c30,cp30,d18
c89,cp89,d1
c89,cp89,d3
c89,cp89,d4
c89,cp89,d18
c67,cp67,d1
c67,cp67,d3
c67,cp67,d4
c67,cp67,d18
j235,jv235,d1
j235,jv235,d4
j235,jv235,d18
c105,cp105,d1
c105,cp105,d3
c105,cp105,d18
c60,cp60,d1
c60,cp60,d3
c60,cp60,d18
c84,cp84,d1
c84,cp84,d3
c84,cp84,d4
c84,cp84,d18
c5,cp5,d1
c5,cp5,d3
c5,cp5,d4
c5,cp5,d18
j314,jv314,d1
j314,jv314,d7
j314,jv314,d18
c53,cp53,d1
c53,cp53,d3
c53,cp53,d4
c53,cp53,d18
c99,cp99,d1
c99,cp99,d3
c99,cp99,d18
c114,cp114,d1
c114,cp114,d3
c114,cp114,d4
c114,cp114,d18
c65,cp65,d1
c65,cp65,d3
c65,cp65,d4
c65,cp65,d18
c109,cp109,d1
c109,cp109,d3
c109,cp109,d4
c109,cp109,d18
c61,cp61,d1
c61,cp61,d3
c61,cp61,d4
c61,cp61,d18
c63,cp63,d1
c63,cp63,d3
c63,cp63,d4
c63,cp63,d18
j274,jv274,d1
j274,jv274,d4
j274,jv274,d18
c114,cp114,d1
c114,cp114,d3
c114,cp114,d4
c114,cp114,d18
j358,jv358,d1
j358,jv358,d3
j358,jv358,d18
c53,cp53,d1
c53,cp53,d3
c53,cp53,d4
c53,cp53,d18
c10,cp10,d1
c10,cp10,d3
c10,cp10,d4
c10,cp10,d18
c25,cp25,d1
c25,cp25,d3
c25,cp25,d4
c25,cp25,d18
c77,cp77,d1
c77,cp77,d3
c77,cp77,d4
c77,cp77,d18
c74,cp74,d1
c74,cp74,d3
c74,cp74,d4
c74,cp74,d18
c107,cp107,d1
c107,cp107,d3
c107,cp107,d4
c107,cp107,d18
c75,cp75,d1
c75,cp75,d3
c75,cp75,d4
c75,cp75,d18
c21,cp21,d1
c21,cp21,d3
c21,cp21,d4
c21,cp21,d18
c51,cp51,d1
c51,cp51,d3
c51,cp51,d4
c51,cp51,d18
c0,cp0,d1
c0,cp0,d3
c0,cp0,d4
c0,cp0,d18
c9,cp9,d1
c9,cp9,d3
c9,cp9,d4
c9,cp9,d18
c86,cp86,d1
c86,cp86,d3
c86,cp86,d4
c86,cp86,d18
j221,jv221,d1
j221,jv221,d3
j221,jv221,d4
j221,jv221,d18
c107,cp107,d1
c107,cp107,d3
c107,cp107,d4
c107,cp107,d18
j367,jv367,d1
j367,jv367,d7
j367,jv367,d18
j368,jv368,d1
j368,jv368,d4
j368,jv368,d18
c18,cp18,d1
c18,cp18,d3
c18,cp18,d4
c18,cp18,d18
c108,cp108,d1
c108,cp108,d3
c108,cp108,d4
c108,cp108,d18
c100,cp100,d1
c100,cp100,d3
c100,cp100,d4
c100,cp100,d18
c88,cp88,d1
c88,cp88,d3
c88,cp88,d18
j274,jv274,d1
j274,jv274,d3
j274,jv274,d4
j274,jv274,d18
c42,cp42,d1
c42,cp42,d3
c42,cp42,d4
c42,cp42,d18
j209,jv209,d1
j209,jv209,d4
j209,jv209,d18
c102,cp102,d1
c102,cp102,d3
c102,cp102,d4
c102,cp102,d18
c25,cp25,d1
c25,cp25,d3
c25,cp25,d18
j369,jv369,d1
j369,jv369,d7
j369,jv369,d18
c20,cp20,d1
c20,cp20,d3
c20,cp20,d4
c20,cp20,d18
c65,cp65,d1
c65,cp65,d3
c65,cp65,d4
c65,cp65,d18
c22,cp22,d1
c22,cp22,d3
c22,cp22,d4
c22,cp22,d18
c73,cp73,d1
c73,cp73,d3
c73,cp73,d4
c73,cp73,d18
c69,cp69,d1
c69,cp69,d3
c69,cp69,d4
c69,cp69,d18
c50,cp50,d1
c50,cp50,d3
c50,cp50,d4
c50,cp50,d18
j370,jv370,d1
j370,jv370,d3
j370,jv370,d18
c63,cp63,d1
c63,cp63,d3
c63,cp63,d4
c63,cp63,d18
j371,jv371,d1
j371,jv371,d18
c30,cp30,d1
c30,cp30,d3
c30,cp30,d4
c30,cp30,d18
c43,cp43,d1
c43,cp43,d3
c43,cp43,d4
c43,cp43,d18
c32,cp32,d1
c32,cp32,d3
c32,cp32,d4
c32,cp32,d18
c31,cp31,d1
c31,cp31,d3
c31,cp31,d4
c31,cp31,d18
c47,cp47,d1
c47,cp47,d3
c47,cp47,d4
c47,cp47,d18
c34,cp34,d1
c34,cp34,d3
c34,cp34,d4
c34,cp34,d18
c93,cp93,d1
c93,cp93,d3
c93,cp93,d4
c93,cp93,d18
c18,cp18,d1
c18,cp18,d3
c18,cp18,d4
c18,cp18,d18
j306,jv306,d1
j306,jv306,d4
j306,jv306,d18
c67,cp67,d1
c67,cp67,d3
c67,cp67,d4
c67,cp67,d18
j274,jv274,d1
j274,jv274,d4
j274,jv274,d18
j102,jv102,d1
j102,jv102,d3
j102,jv102,d18
c44,cp44,d1
c44,cp44,d3
c44,cp44,d4
c44,cp44,d18
j209,jv209,d1
j209,jv209,d4
j209,jv209,d18
c3,cp3,d1
c3,cp3,d3
c3,cp3,d4
c3,cp3,d18
c87,cp87,d1
c87,cp87,d3
c87,cp87,d4
c87,cp87,d18
c8,cp8,d1
c8,cp8,d3
c8,cp8,d4
c8,cp8,d18
c91,cp91,d1
c91,cp91,d3
c91,cp91,d4
c91,cp91,d18
c72,cp72,d1
c72,cp72,d3
c72,cp72,d4
c72,cp72,d18
j372,jv372,d1
j372,jv372,d9
j372,jv372,d18
c1,cp1,d1
c1,cp1,d3
c1,cp1,d4
c1,cp1,d18
c47,cp47,d1
c47,cp47,d3
c47,cp47,d4
c47,cp47,d18
c53,cp53,d1
c53,cp53,d3
c53,cp53,d18
c51,cp51,d1
c51,cp51,d3
c51,cp51,d4
c51,cp51,d18
c97,cp97,d1
c97,cp97,d3
c97,cp97,d4
c97,cp97,d18
c21,cp21,d1
c21,cp21,d3
c21,cp21,d18
c5,cp5,d1
c5,cp5,d3
c5,cp5,d4
c5,cp5,d18
c5,cp5,d1
c5,cp5,d3
c5,cp5,d4
c5,cp5,d18
c52,cp52,d1
c52,cp52,d3
c52,cp52,d4
c52,cp52,d18
c77,cp77,d1
c77,cp77,d3
c77,cp77,d4
c77,cp77,d18
c2,cp2,d1
c2,cp2,d3
c2,cp2,d4
c2,cp2,d18
c71,cp71,d1
c71,cp71,d3
c71,cp71,d4
c71,cp71,d18
c60,cp60,d1
c60,cp60,d3
c60,cp60,d18
c64,cp64,d1
c64,cp64,d3
c64,cp64,d4
c64,cp64,d18
j242,jv242,d1
j242,jv242,d4
j242,jv242,d18
j375,jv375,d1
j375,jv375,d4
j375,jv375,d18
c42,cp42,d1
c42,cp42,d3
c42,cp42,d4
c42,cp42,d18
c73,cp73,d1
c73,cp73,d3
c73,cp73,d4
c73,cp73,d18
j274,jv274,d1
j274,jv274,d4
j274,jv274,d18
j376,jv376,d1
j376,jv376,d3
j376,jv376,d18
c28,cp28,d1
c28,cp28,d3
c28,cp28,d4
c28,cp28,d18
c41,cp41,d1
c41,cp41,d3
c41,cp41,d4
c41,cp41,d18
j377,jv377,d1
j377,jv377,d3
j377,jv377,d18
c87,cp87,d1
c87,cp87,d3
c87,cp87,d4
c87,cp87,d18
j105,jv105,d1
j105,jv105,d9
j105,jv105,d18
c56,cp56,d1
c56,cp56,d3
c56,cp56,d4
c56,cp56,d18
c7,cp7,d1
c7,cp7,d3
c7,cp7,d4
c7,cp7,d18
c34,cp34,d1
c34,cp34,d3
c34,cp34,d4
c34,cp34,d18
j206,jv206,d1
j206,jv206,d7
j206,jv206,d18
c100,cp100,d1
c100,cp100,d3
c100,cp100,d4
c100,cp100,d18
j5,jv5,d1
j5,jv5,d18
c70,cp70,d1
c70,cp70,d3
c70,cp70,d18
c76,cp76,d1
c76,cp76,d3
c76,cp76,d4
c76,cp76,d18
j108,jv108,d1
j108,jv108,d18
c55,cp55,d1
c55,cp55,d3
c55,cp55,d4
c55,cp55,d18
c93,cp93,d1
c93,cp93,d3
c93,cp93,d4
c93,cp93,d18
c18,cp18,d1
c18,cp18,d3
c18,cp18,d4
c18,cp18,d18
c68,cp68,d1
c68,cp68,d3
c68,cp68,d4
c68,cp68,d18
j274,jv274,d1
j274,jv274,d4
j274,jv274,d18
c64,cp64,d1
c64,cp64,d3
c64,cp64,d4
c64,cp64,d18
c105,cp105,d1
c105,cp105,d3
c105,cp105,d4
c105,cp105,d18
c52,cp52,d1
c52,cp52,d3
c52,cp52,d4
c52,cp52,d18
c27,cp27,d1
c27,cp27,d3
c27,cp27,d4
c27,cp27,d18
c86,cp86,d1
c86,cp86,d3
c86,cp86,d4
c86,cp86,d18
c110,cp110,d1
c110,cp110,d3
c110,cp110,d4
c110,cp110,d18
c15,cp15,d1
c15,cp15,d18
c62,cp62,d1
c62,cp62,d3
c62,cp62,d4
c62,cp62,d18
c14,cp14,d1
c14,cp14,d3
c14,cp14,d4
c14,cp14,d18
c56,cp56,d1
c56,cp56,d3
c56,cp56,d4
c56,cp56,d18
j227,jv227,d1
j227,jv227,d4
j227,jv227,d18
c4,cp4,d1
c4,cp4,d3
c4,cp4,d18
j102,jv102,d1
j102,jv102,d18
c88,cp88,d1
c88,cp88,d3
c88,cp88,d4
c88,cp88,d18
c60,cp60,d1
c60,cp60,d3
c60,cp60,d4
c60,cp60,d18
c97,cp97,d1
c97,cp97,d3
c97,cp97,d18
c21,cp21,d1
c21,cp21,d3
c21,cp21,d4
c21,cp21,d18
c107,cp107,d1
c107,cp107,d3
c107,cp107,d18
j102,jv102,d1
j102,jv102,d4
j102,jv102,d18
c87,cp87,d1
c87,cp87,d3
c87,cp87,d4
c87,cp87,d18
c70,cp70,d1
c70,cp70,d3
c70,cp70,d4
c70,cp70,d18
c97,cp97,d1
c97,cp97,d3
c97,cp97,d4
c97,cp97,d18
c102,cp102,d1
c102,cp102,d9
c102,cp102,d18
c68,cp68,d1
c68,cp68,d3
c68,cp68,d7
c68,cp68,d18
c79,cp79,d1
c79,cp79,d3
c79,cp79,d4
c79,cp79,d18
c44,cp44,d1
c44,cp44,d3
c44,cp44,d18
c112,cp112,d1
c112,cp112,d3
c112,cp112,d4
c112,cp112,d18
c14,cp14,d1
c14,cp14,d3
c14,cp14,d4
c14,cp14,d18
j102,jv102,d1
j102,jv102,d4
j102,jv102,d18
c84,cp84,d1
c84,cp84,d3
c84,cp84,d4
c84,cp84,d18
j102,jv102,d1
j102,jv102,d4
j102,jv102,d18
c55,cp55,d1
c55,cp55,d18
c99,cp99,d1
c99,cp99,d3
c99,cp99,d4
c99,cp99,d18
c91,cp91,d1
c91,cp91,d3
c91,cp91,d4
c91,cp91,d18
c59,cp59,d1
c59,cp59,d3
c59,cp59,d4
c59,cp59,d18
c42,cp42,d1
c42,cp42,d3
c42,cp42,d4
c42,cp42,d18
c81,cp81,d1
c81,cp81,d3
c81,cp81,d4
c81,cp81,d18
j372,jv372,d1
j372,jv372,d3
j372,jv372,d18
c13,cp13,d1
c13,cp13,d3
c13,cp13,d4
c13,cp13,d18
j380,jv380,d1
j380,jv380,d4
j380,jv380,d18
c55,cp55,d1
c55,cp55,d18
c82,cp82,d1
c82,cp82,d3
c82,cp82,d4
c82,cp82,d18
c29,cp29,d1
c29,cp29,d3
c29,cp29,d4
c29,cp29,d18
c54,cp54,d1
c54,cp54,d3
c54,cp54,d4
c54,cp54,d18
c79,cp79,d1
c79,cp79,d3
c79,cp79,d4
c79,cp79,d18
c89,cp89,d1
c89,cp89,d3
c89,cp89,d4
c89,cp89,d18
c68,cp68,d1
c68,cp68,d3
c68,cp68,d4
c68,cp68,d18
c22,cp22,d1
c22,cp22,d3
c22,cp22,d4
c22,cp22,d18
c93,cp93,d1
c93,cp93,d3
c93,cp93,d18
c44,cp44,d1
c44,cp44,d3
c44,cp44,d4
c44,cp44,d18
j235,jv235,d1
j235,jv235,d4
j235,jv235,d18
c75,cp75,d1
c75,cp75,d3
c75,cp75,d4
c75,cp75,d18
j275,jv275,d1
j275,jv275,d4
j275,jv275,d18
c18,cp18,d1
c18,cp18,d3
c18,cp18,d4
c18,cp18,d18
c5,cp5,d1
c5,cp5,d3
c5,cp5,d4
c5,cp5,d18
j381,jv381,d1
j381,jv381,d4
j381,jv381,d18
c59,cp59,d1
c59,cp59,d3
c59,cp59,d4
c59,cp59,d18
j224,jv224,d1
j224,jv224,d4
j224,jv224,d18
c75,cp75,d1
c75,cp75,d3
c75,cp75,d4
c75,cp75,d18
c63,cp63,d1
c63,cp63,d3
c63,cp63,d4
c63,cp63,d18
j382,jv382,d1
j382,jv382,d3
j382,jv382,d18
j97,jv97,d1
j97,jv97,d4
j97,jv97,d18
c46,cp46,d1
c46,cp46,d3
c46,cp46,d4
c46,cp46,d18
c107,cp107,d1
c107,cp107,d3
c107,cp107,d18
c41,cp41,d1
c41,cp41,d3
c41,cp41,d4
c41,cp41,d18
j102,jv102,d1
j102,jv102,d18
c97,cp97,d1
c97,cp97,d3
c97,cp97,d18
c104,cp104,d1
c104,cp104,d3
c104,cp104,d18
j383,jv383,d1
j383,jv383,d7
j383,jv383,d18
c41,cp41,d1
c41,cp41,d3
c41,cp41,d4
c41,cp41,d18
c54,cp54,d1
c54,cp54,d3
c54,cp54,d4
c54,cp54,d18
c92,cp92,d2
c41,cp41,d2
c78,cp78,d2
c62,cp62,d2
c7,cp7,d2
c7,cp7,d4
c15,cp15,d2
c15,cp15,d3
c15,cp15,d5
c48,cp48,d2
j92,jv92,d2
j92,jv92,d3
j93,jv93,d2
j93,jv93,d6
c59,cp59,d2
j94,jv94,d2
j94,jv94,d6
j100,jv100,d2
j100,jv100,d3
j100,jv100,d17
c76,cp76,d2
c76,cp76,d3
c76,cp76,d5
c76,cp76,d13
c43,cp43,d2
c57,cp57,d2
j131,jv131,d2
j131,jv131,d18
c111,cp111,d2
c111,cp111,d3
c35,cp35,d2
c35,cp35,d5
c103,cp103,d2
c103,cp103,d7
c72,cp72,d2
c72,cp72,d5
c13,cp13,d2
c13,cp13,d3
c79,cp79,d2
c79,cp79,d5
c0,cp0,d2
c0,cp0,d5
c69,cp69,d2
c84,cp84,d2
c84,cp84,d3
c67,cp67,d2
c67,cp67,d5
c9,cp9,d2
c9,cp9,d5
c23,cp23,d2
c23,cp23,d3
c23,cp23,d5
c82,cp82,d2
c82,cp82,d3
c82,cp82,d5
j336,jv336,d2
j336,jv336,d3
j336,jv336,d5
j338,jv338,d2
j338,jv338,d3
j338,jv338,d4
j338,jv338,d5
c99,cp99,d2
c99,cp99,d5
c32,cp32,d2
c32,cp32,d5
c74,cp74,d2
c88,cp88,d2
c88,cp88,d3
c88,cp88,d18
c31,cp31,d2
c31,cp31,d18
c83,cp83,d2
c83,cp83,d18
c61,cp61,d2
c61,cp61,d18
c24,cp24,d2
c24,cp24,d18
c50,cp50,d2
c50,cp50,d18
c11,cp11,d2
c11,cp11,d18
c33,cp33,d2
c33,cp33,d7
c33,cp33,d18
c27,cp27,d2
c27,cp27,d18
c43,cp43,d2
c43,cp43,d18
c22,cp22,d2
c22,cp22,d18
c45,cp45,d2
c45,cp45,d18
c26,cp26,d2
c26,cp26,d18
c5,cp5,d2
c5,cp5,d18
c26,cp26,d2
c26,cp26,d18
c80,cp80,d2
c80,cp80,d18
c99,cp99,d2
c99,cp99,d3
c99,cp99,d6
c99,cp99,d18
c70,cp70,d2
c70,cp70,d7
c70,cp70,d18
c16,cp16,d2
c16,cp16,d18
j1,jv1,d3
c0,cp0,d3
c106,cp106,d3
c63,cp63,d3
j7,jv7,d3
c110,cp110,d3
j8,jv8,d3
j9,jv9,d3
c41,cp41,d3
c41,cp41,d5
c39,cp39,d3
c39,cp39,d5
c77,cp77,d3
c48,cp48,d3
j12,jv12,d3
j12,jv12,d5
j13,jv13,d3
j13,jv13,d5
c80,cp80,d3
c114,cp114,d3
c46,cp46,d3
j17,jv17,d3
j17,jv17,d5
c94,cp94,d3
c110,cp110,d3
j1,jv1,d3
j1,jv1,d10
c0,cp0,d3
c112,cp112,d3
c112,cp112,d9
c72,cp72,d3
j19,jv19,d3
c105,cp105,d3
c0,cp0,d3
j23,jv23,d3
c100,cp100,d3
c100,cp100,d12
j27,jv27,d3
j28,jv28,d3
j29,jv29,d3
j29,jv29,d12
c31,cp31,d3
j32,jv32,d3
j34,jv34,d3
j35,jv35,d3
j35,jv35,d5
c102,cp102,d3
j36,jv36,d3
j36,jv36,d5
c1,cp1,d3
j37,jv37,d3
j39,jv39,d3
j42,jv42,d3
j42,jv42,d8
j34,jv34,d3
j1,jv1,d3
j1,jv1,d5
c2,cp2,d3
c88,cp88,d3
c88,cp88,d12
j7,jv7,d3
c3,cp3,d3
j44,jv44,d3
j37,jv37,d3
c4,cp4,d3
c63,cp63,d3
c30,cp30,d3
c85,cp85,d3
c5,cp5,d3
j46,jv46,d3
j47,jv47,d3
c77,cp77,d3
c30,cp30,d3
c7,cp7,d3
c76,cp76,d3
c8,cp8,d3
c8,cp8,d12
c44,cp44,d3
c1,cp1,d3
j7,jv7,d3
j49,jv49,d3
j49,jv49,d12
c65,cp65,d3
c65,cp65,d5
c24,cp24,d3
c90,cp90,d3
c66,cp66,d3
c49,cp49,d3
c58,cp58,d3
c82,cp82,d3
j53,jv53,d3
c72,cp72,d3
c59,cp59,d3
c11,cp11,d3
c32,cp32,d3
c13,cp13,d3
j55,jv55,d3
j55,jv55,d10
c110,cp110,d3
c101,cp101,d3
c66,cp66,d3
c109,cp109,d3
j57,jv57,d3
c95,cp95,d3
c1,cp1,d3
c48,cp48,d3
j58,jv58,d3
j58,jv58,d3
j59,jv59,d3
c54,cp54,d3
j57,jv57,d3
c99,cp99,d3
c61,cp61,d3
c61,cp61,d3
c61,cp61,d13
c61,cp61,d15
c57,cp57,d3
c12,cp12,d3
c89,cp89,d3
c89,cp89,d5
c108,cp108,d3
c54,cp54,d3
c13,cp13,d3
c34,cp34,d3
c14,cp14,d3
c86,cp86,d3
j61,jv61,d3
c31,cp31,d3
c54,cp54,d3
c15,cp15,d3
c52,cp52,d3
c66,cp66,d3
c1,cp1,d3
c1,cp1,d3
c16,cp16,d3
j64,jv64,d3
j65,jv65,d3
c89,cp89,d3
c17,cp17,d3
c56,cp56,d3
c43,cp43,d3
j66,jv66,d3
c105,cp105,d3
j64,jv64,d3
j67,jv67,d3
c108,cp108,d3
j7,jv7,d3
c86,cp86,d3
c86,cp86,d5
c45,cp45,d3
j19,jv19,d3
j69,jv69,d3
c39,cp39,d3
j70,jv70,d3
j71,jv71,d3
c112,cp112,d3
c112,cp112,d5
c104,cp104,d3
c10,cp10,d3
c37,cp37,d3
c37,cp37,d5
c79,cp79,d3
c1,cp1,d3
j73,jv73,d3
c18,cp18,d3
j74,jv74,d3
j74,jv74,d14
c61,cp61,d3
c19,cp19,d3
c19,cp19,d10
j75,jv75,d3
j76,jv76,d3
j77,jv77,d3
j78,jv78,d3
j78,jv78,d8
c44,cp44,d3
c44,cp44,d14
c21,cp21,d3
j79,jv79,d3
c20,cp20,d3
c1,cp1,d3
c20,cp20,d3
j74,jv74,d3
c34,cp34,d3
c1,cp1,d3
c77,cp77,d3
c1,cp1,d3
c24,cp24,d3
c101,cp101,d3
j80,jv80,d3
c114,cp114,d3
j81,jv81,d3
c82,cp82,d3
j81,jv81,d3
c35,cp35,d3
j84,jv84,d3
c1,cp1,d3
c41,cp41,d3
j87,jv87,d3
j89,jv89,d3
j90,jv90,d3
j95,jv95,d3
c37,cp37,d3
c22,cp22,d3
c53,cp53,d3
c23,cp23,d3
c4,cp4,d3
c45,cp45,d3
c45,cp45,d8
j99,jv99,d3
j99,jv99,d17
c78,cp78,d3
c79,cp79,d3
c20,cp20,d3
c20,cp20,d4
j8,jv8,d3
j101,jv101,d3
c24,cp24,d3
c39,cp39,d3
c39,cp39,d5
j104,jv104,d3
j104,jv104,d8
c32,cp32,d3
c32,cp32,d9
c32,cp32,d17
c50,cp50,d3
c83,cp83,d3
c97,cp97,d3
c37,cp37,d3
c39,cp39,d3
c3,cp3,d3
j112,jv112,d3
j104,jv104,d3
j1,jv1,d3
c71,cp71,d3
j66,jv66,d3
c57,cp57,d3
c48,cp48,d3
c96,cp96,d3
c96,cp96,d5
c49,cp49,d3
j121,jv121,d3
j121,jv121,d11
c35,cp35,d3
j123,jv123,d3
c46,cp46,d3
c14,cp14,d3
j1,jv1,d3
c88,cp88,d3
c68,cp68,d3
c25,cp25,d3
c24,cp24,d3
c20,cp20,d3
c20,cp20,d3
j11,jv11,d3
c92,cp92,d3
c95,cp95,d3
j8,jv8,d3
c22,cp22,d3
c18,cp18,d3
c18,cp18,d5
c75,cp75,d3
c56,cp56,d3
c10,cp10,d3
j129,jv129,d3
c71,cp71,d3
c71,cp71,d5
c71,cp71,d9
c106,cp106,d3
c106,cp106,d8
c34,cp34,d3
c80,cp80,d3
c73,cp73,d3
c11,cp11,d3
c23,cp23,d3
c23,cp23,d11
c112,cp112,d3
c13,cp13,d3
c27,cp27,d3
c33,cp33,d3
c33,cp33,d5
c73,cp73,d3
c46,cp46,d3
c96,cp96,d3
c96,cp96,d14
j135,jv135,d3
j135,jv135,d14
c13,cp13,d3
j137,jv137,d3
c70,cp70,d3
c70,cp70,d5
j138,jv138,d3
c28,cp28,d3
c37,cp37,d3
c39,cp39,d3
c95,cp95,d3
c75,cp75,d3
j139,jv139,d3
c29,cp29,d3
j141,jv141,d3
c30,cp30,d3
c25,cp25,d3
c31,cp31,d3
j143,jv143,d3
j141,jv141,d3
c32,cp32,d3
c22,cp22,d3
c61,cp61,d3
c31,cp31,d3
j144,jv144,d3
c33,cp33,d3
c29,cp29,d3
j141,jv141,d3
c6,cp6,d3
j141,jv141,d3
c56,cp56,d3
j145,jv145,d3
j146,jv146,d3
c34,cp34,d3
c34,cp34,d3
c65,cp65,d3
j147,jv147,d3
j142,jv142,d3
c35,cp35,d3
c74,cp74,d3
j147,jv147,d3
j75,jv75,d3
j141,jv141,d3
c29,cp29,d3
c34,cp34,d3
c29,cp29,d3
c36,cp36,d3
c93,cp93,d3
j142,jv142,d3
j142,jv142,d9
c29,cp29,d3
c37,cp37,d3
c29,cp29,d3
j141,jv141,d3
j141,jv141,d3
j141,jv141,d3
j142,jv142,d3
c38,cp38,d3
j147,jv147,d3
c91,cp91,d3
c38,cp38,d3
j148,jv148,d3
c91,cp91,d3
c105,cp105,d3
j149,jv149,d3
j145,jv145,d3
c112,cp112,d3
j141,jv141,d3
j142,jv142,d3
j144,jv144,d3
c40,cp40,d3
c60,cp60,d3
c22,cp22,d3
c81,cp81,d3
c51,cp51,d3
c35,cp35,d3
j142,jv142,d3
j141,jv141,d3
j141,jv141,d3
c37,cp37,d3
j75,jv75,d3
j141,jv141,d3
c11,cp11,d3
c11,cp11,d8
j145,jv145,d3
j142,jv142,d3
c29,cp29,d3
j141,jv141,d3
c103,cp103,d3
c5,cp5,d3
c29,cp29,d3
c29,cp29,d3
j75,jv75,d3
c42,cp42,d3
c43,cp43,d3
c43,cp43,d3
c21,cp21,d3
c29,cp29,d3
c92,cp92,d3
c81,cp81,d3
j47,jv47,d3
j145,jv145,d3
c99,cp99,d3
c42,cp42,d3
c5,cp5,d3
c10,cp10,d3
c53,cp53,d3
j154,jv154,d3
c88,cp88,d3
c73,cp73,d3
j144,jv144,d3
j141,jv141,d3
c53,cp53,d3
j147,jv147,d3
j141,jv141,d3
c98,cp98,d3
j155,jv155,d3
j142,jv142,d3
c32,cp32,d3
c72,cp72,d3
c88,cp88,d3
c47,cp47,d3
j49,jv49,d3
j156,jv156,d3
c66,cp66,d3
c113,cp113,d3
c48,cp48,d3
c33,cp33,d3
c23,cp23,d3
c31,cp31,d3
c50,cp50,d3
j141,jv141,d3
c93,cp93,d3
j145,jv145,d3
j142,jv142,d3
j141,jv141,d3
j75,jv75,d3
c68,cp68,d3
j147,jv147,d3
j141,jv141,d3
c17,cp17,d3
c94,cp94,d3
c51,cp51,d3
c52,cp52,d3
c47,cp47,d3
c41,cp41,d3
c51,cp51,d3
c52,cp52,d3
c29,cp29,d3
c76,cp76,d3
c53,cp53,d3
c108,cp108,d3
c35,cp35,d3
j157,jv157,d3
c47,cp47,d3
c89,cp89,d3
c107,cp107,d3
j142,jv142,d3
c54,cp54,d3
c78,cp78,d3
j141,jv141,d3
c22,cp22,d3
c44,cp44,d3
j158,jv158,d3
j144,jv144,d3
c89,cp89,d3
c73,cp73,d3
c36,cp36,d3
c62,cp62,d3
c55,cp55,d3
c55,cp55,d16
j79,jv79,d3
j159,jv159,d3
c35,cp35,d3
c2,cp2,d3
c49,cp49,d3
c47,cp47,d3
c36,cp36,d3
j1,jv1,d3
c47,cp47,d3
j69,jv69,d3
j147,jv147,d3
c103,cp103,d3
c107,cp107,d3
c86,cp86,d3
j144,jv144,d3
j147,jv147,d3
j160,jv160,d3
c85,cp85,d3
j141,jv141,d3
j161,jv161,d3
c105,cp105,d3
c84,cp84,d3
c51,cp51,d3
c100,cp100,d3
c73,cp73,d3
c94,cp94,d3
c55,cp55,d3
j141,jv141,d3
c111,cp111,d3
j142,jv142,d3
c43,cp43,d3
c100,cp100,d3
j152,jv152,d3
j142,jv142,d3
c107,cp107,d3
c74,cp74,d3
c84,cp84,d3
c57,cp57,d3
c95,cp95,d3
j141,jv141,d3
j147,jv147,d3
c58,cp58,d3
c49,cp49,d3
c43,cp43,d3
c29,cp29,d3
c21,cp21,d3
j141,jv141,d3
c91,cp91,d3
c24,cp24,d3
c79,cp79,d3
j142,jv142,d3
c26,cp26,d3
j29,jv29,d3
j144,jv144,d3
c36,cp36,d3
c47,cp47,d3
c41,cp41,d3
c94,cp94,d3
c111,cp111,d3
c60,cp60,d3
c50,cp50,d3
c113,cp113,d3
j142,jv142,d3
c56,cp56,d3
c98,cp98,d3
j162,jv162,d3
c61,cp61,d3
j147,jv147,d3
j79,jv79,d3
c9,cp9,d3
c101,cp101,d3
c15,cp15,d3
c97,cp97,d3
c46,cp46,d3
c82,cp82,d3
c24,cp24,d3
j141,jv141,d3
j144,jv144,d3
c109,cp109,d3
j147,jv147,d3
c29,cp29,d3
c99,cp99,d3
c76,cp76,d3
j142,jv142,d3
c62,cp62,d3
c63,cp63,d3
j147,jv147,d3
j163,jv163,d3
c68,cp68,d3
c2,cp2,d3
c22,cp22,d3
c64,cp64,d3
c105,cp105,d3
c108,cp108,d3
c65,cp65,d3
c23,cp23,d3
c66,cp66,d3
j164,jv164,d3
c42,cp42,d3
j37,jv37,d3
j165,jv165,d3
c66,cp66,d3
c54,cp54,d3
c74,cp74,d3
c93,cp93,d3
c32,cp32,d3
j79,jv79,d3
c13,cp13,d3
c29,cp29,d3
c58,cp58,d3
c105,cp105,d3
c29,cp29,d3
c46,cp46,d3
c12,cp12,d3
c67,cp67,d3
c46,cp46,d3
c50,cp50,d3
c112,cp112,d3
c109,cp109,d3
c33,cp33,d3
j144,jv144,d3
j142,jv142,d3
j166,jv166,d3
j142,jv142,d3
c91,cp91,d3
j141,jv141,d3
j141,jv141,d3
j141,jv141,d3
c27,cp27,d3
c1,cp1,d3
c82,cp82,d3
c75,cp75,d3
c89,cp89,d3
c22,cp22,d3
c31,cp31,d3
c13,cp13,d3
c29,cp29,d3
c41,cp41,d3
c74,cp74,d3
c57,cp57,d3
c98,cp98,d3
j75,jv75,d3
c54,cp54,d3
j168,jv168,d3
c2,cp2,d3
j147,jv147,d3
c34,cp34,d3
j142,jv142,d3
c29,cp29,d3
c89,cp89,d3
c68,cp68,d3
c67,cp67,d3
c87,cp87,d3
j169,jv169,d3
c71,cp71,d3
c66,cp66,d3
j79,jv79,d3
j141,jv141,d3
c43,cp43,d3
j169,jv169,d3
c70,cp70,d3
c89,cp89,d3
c100,cp100,d3
c32,cp32,d3
c27,cp27,d3
c53,cp53,d3
c99,cp99,d3
j147,jv147,d3
j170,jv170,d3
c71,cp71,d3
j171,jv171,d3
c68,cp68,d3
c9,cp9,d3
c100,cp100,d3
c26,cp26,d3
c16,cp16,d3
c19,cp19,d3
j1,jv1,d3
c71,cp71,d3
j147,jv147,d3
c11,cp11,d3
j147,jv147,d3
c74,cp74,d3
c36,cp36,d3
j75,jv75,d3
c95,cp95,d3
c104,cp104,d3
c59,cp59,d3
c22,cp22,d3
c4,cp4,d3
c104,cp104,d3
c17,cp17,d3
c29,cp29,d3
c29,cp29,d18
c0,cp0,d3
c28,cp28,d3
c30,cp30,d3
c2,cp2,d3
c74,cp74,d3
c74,cp74,d18
c81,cp81,d3
c69,cp69,d3
c70,cp70,d3
j177,jv177,d3
c58,cp58,d3
c58,cp58,d4
j184,jv184,d3
j168,jv168,d3
c6,cp6,d3
c108,cp108,d3
c39,cp39,d3
c97,cp97,d3
j85,jv85,d3
j198,jv198,d3
c43,cp43,d3
c50,cp50,d3
c28,cp28,d3
j201,jv201,d3
c98,cp98,d3
c70,cp70,d3
j104,jv104,d3
j75,jv75,d3
j201,jv201,d3
j201,jv201,d14
c72,cp72,d3
c112,cp112,d3
j156,jv156,d3
j156,jv156,d18
c71,cp71,d3
j213,jv213,d3
c8,cp8,d3
c62,cp62,d3
c62,cp62,d5
j201,jv201,d3
c93,cp93,d3
j230,jv230,d3
c25,cp25,d3
c69,cp69,d3
c47,cp47,d3
c68,cp68,d3
c68,cp68,d4
j236,jv236,d3
j236,jv236,d4
c16,cp16,d3
c108,cp108,d3
c103,cp103,d3
c73,cp73,d3
c73,cp73,d5
c53,cp53,d3
c49,cp49,d3
c74,cp74,d3
c22,cp22,d3
c22,cp22,d5
c13,cp13,d3
j249,jv249,d3
c102,cp102,d3
c75,cp75,d3
c75,cp75,d5
c99,cp99,d3
c6,cp6,d3
c6,cp6,d5
c114,cp114,d3
c93,cp93,d3
c93,cp93,d5
j75,jv75,d3
c106,cp106,d3
c110,cp110,d3
c76,cp76,d3
c76,cp76,d5
c88,cp88,d3
c47,cp47,d3
c47,cp47,d5
c96,cp96,d3
c5,cp5,d3
c79,cp79,d3
j104,jv104,d3
j104,jv104,d8
c48,cp48,d3
c62,cp62,d3
c37,cp37,d3
c54,cp54,d3
c2,cp2,d3
c29,cp29,d3
c10,cp10,d3
c7,cp7,d3
c89,cp89,d3
c34,cp34,d3
c91,cp91,d3
c106,cp106,d3
c56,cp56,d3
c56,cp56,d4
c25,cp25,d3
j247,jv247,d3
j279,jv279,d3
c23,cp23,d3
c62,cp62,d3
c64,cp64,d3
c94,cp94,d3
c94,cp94,d5
c69,cp69,d3
c77,cp77,d3
c38,cp38,d3
c35,cp35,d3
j168,jv168,d3
c1,cp1,d3
j285,jv285,d3
c13,cp13,d3
c48,cp48,d3
c63,cp63,d3
c97,cp97,d3
c10,cp10,d3
c10,cp10,d5
c26,cp26,d3
c14,cp14,d3
j291,jv291,d3
j291,jv291,d5
c86,cp86,d3
c45,cp45,d3
c45,cp45,d5
c67,cp67,d3
c88,cp88,d3
c88,cp88,d5
c48,cp48,d3
c108,cp108,d3
c108,cp108,d5
c27,cp27,d3
c77,cp77,d3
c77,cp77,d5
c90,cp90,d3
c16,cp16,d3
c79,cp79,d3
c102,cp102,d3
c78,cp78,d3
c78,cp78,d5
c13,cp13,d3
c103,cp103,d3
c103,cp103,d5
c80,cp80,d3
c56,cp56,d3
c56,cp56,d5
c16,cp16,d3
c16,cp16,d5
c0,cp0,d3
c80,cp80,d3
c52,cp52,d3
c75,cp75,d3
c75,cp75,d5
c87,cp87,d3
c87,cp87,d5
c32,cp32,d3
c32,cp32,d5
c94,cp94,d3
c27,cp27,d3
c71,cp71,d3
c77,cp77,d3
c27,cp27,d3
c27,cp27,d5
j99,jv99,d3
j299,jv299,d3
j299,jv299,d5
c72,cp72,d3
c104,cp104,d3
j168,jv168,d3
j13,jv13,d3
j13,jv13,d5
c55,cp55,d3
c111,cp111,d3
c111,cp111,d5
c49,cp49,d3
c81,cp81,d3
c81,cp81,d5
c7,cp7,d3
c99,cp99,d3
c47,cp47,d3
j13,jv13,d3
j13,jv13,d5
c39,cp39,d3
j309,jv309,d3
j309,jv309,d5
c107,cp107,d3
c91,cp91,d3
c82,cp82,d3
c83,cp83,d3
c40,cp40,d3
c111,cp111,d3
c111,cp111,d5
c78,cp78,d3
c78,cp78,d5
c112,cp112,d3
c112,cp112,d5
c12,cp12,d3
c56,cp56,d3
c76,cp76,d3
c77,cp77,d3
j214,jv214,d3
j214,jv214,d5
c69,cp69,d3
c51,cp51,d3
c89,cp89,d3
c32,cp32,d3
j299,jv299,d3
j299,jv299,d5
c26,cp26,d3
j310,jv310,d3
j310,jv310,d5
c20,cp20,d3
j311,jv311,d3
j312,jv312,d3
j312,jv312,d5
c91,cp91,d3
c39,cp39,d3
c63,cp63,d3
j310,jv310,d3
j310,jv310,d5
j310,jv310,d3
c17,cp17,d3
c65,cp65,d3
c84,cp84,d3
c55,cp55,d3
c65,cp65,d3
c65,cp65,d5
c95,cp95,d3
c95,cp95,d5
j310,jv310,d3
j310,jv310,d5
c88,cp88,d3
c88,cp88,d5
j316,jv316,d3
j316,jv316,d5
c95,cp95,d3
j317,jv317,d3
j317,jv317,d5
c50,cp50,d3
j214,jv214,d3
j214,jv214,d5
c107,cp107,d3
c9,cp9,d3
j318,jv318,d3
j318,jv318,d5
j312,jv312,d3
j312,jv312,d5
c25,cp25,d3
c24,cp24,d3
c43,cp43,d3
c43,cp43,d5
c107,cp107,d3
c112,cp112,d3
c26,cp26,d3
j319,jv319,d3
c97,cp97,d3
c57,cp57,d3
c57,cp57,d5
j320,jv320,d3
j320,jv320,d9
c6,cp6,d3
c55,cp55,d3
c16,cp16,d3
c44,cp44,d3
c43,cp43,d3
c34,cp34,d3
j318,jv318,d3
j318,jv318,d5
j322,jv322,d3
j322,jv322,d5
j168,jv168,d3
c57,cp57,d3
j75,jv75,d3
j312,jv312,d3
j312,jv312,d5
c114,cp114,d3
c114,cp114,d5
c72,cp72,d3
c102,cp102,d3
c111,cp111,d3
c87,cp87,d3
c34,cp34,d3
c14,cp14,d3
c54,cp54,d3
c54,cp54,d5
c71,cp71,d3
j324,jv324,d3
j318,jv318,d3
j318,jv318,d5
j325,jv325,d3
c62,cp62,d3
c62,cp62,d5
c85,cp85,d3
c85,cp85,d5
c46,cp46,d3
c46,cp46,d5
c111,cp111,d3
c97,cp97,d3
c49,cp49,d3
c49,cp49,d5
c99,cp99,d3
c99,cp99,d5
c30,cp30,d3
c30,cp30,d5
c94,cp94,d3
c32,cp32,d3
c32,cp32,d5
j327,jv327,d3
j327,jv327,d5
c81,cp81,d3
c81,cp81,d5
j168,jv168,d3
j168,jv168,d5
c85,cp85,d3
c86,cp86,d3
c86,cp86,d18
c32,cp32,d3
c32,cp32,d5
c110,cp110,d3
c110,cp110,d5
c77,cp77,d3
c87,cp87,d3
c87,cp87,d5
c13,cp13,d3
c13,cp13,d5
c12,cp12,d3
c113,cp113,d3
c113,cp113,d5
j291,jv291,d3
j291,jv291,d5
j168,jv168,d3
j142,jv142,d3
c92,cp92,d3
c75,cp75,d3
c53,cp53,d3
c53,cp53,d5
c8,cp8,d3
c91,cp91,d3
j329,jv329,d3
j329,jv329,d5
j330,jv330,d3
j330,jv330,d5
c105,cp105,d3
j331,jv331,d3
j329,jv329,d3
j329,jv329,d5
c88,cp88,d3
j291,jv291,d3
j291,jv291,d5
c64,cp64,d3
c43,cp43,d3
c43,cp43,d5
c30,cp30,d3
j329,jv329,d3
j329,jv329,d5
j291,jv291,d3
j291,jv291,d5
c98,cp98,d3
j310,jv310,d3
j310,jv310,d5
c21,cp21,d3
c35,cp35,d3
j327,jv327,d3
j337,jv337,d3
c11,cp11,d3
c101,cp101,d3
c107,cp107,d3
c107,cp107,d5
j340,jv340,d3
c89,cp89,d3
c68,cp68,d3
c68,cp68,d5
c45,cp45,d3
c45,cp45,d5
j329,jv329,d3
j329,jv329,d5
c89,cp89,d3
c38,cp38,d3
c90,cp90,d3
c90,cp90,d5
c70,cp70,d3
c70,cp70,d5
c5,cp5,d3
c42,cp42,d3
c42,cp42,d18
j342,jv342,d3
j342,jv342,d5
c91,cp91,d3
j343,jv343,d3
j343,jv343,d5
c92,cp92,d3
c61,cp61,d3
j338,jv338,d3
j338,jv338,d5
c61,cp61,d3
c61,cp61,d5
c46,cp46,d3
c46,cp46,d5
c85,cp85,d3
c19,cp19,d3
c19,cp19,d18
c82,cp82,d3
c82,cp82,d18
c93,cp93,d3
c93,cp93,d18
c73,cp73,d3
c73,cp73,d18
c33,cp33,d3
c33,cp33,d18
j345,jv345,d3
j345,jv345,d18
c54,cp54,d3
c54,cp54,d18
c9,cp9,d3
c9,cp9,d18
c42,cp42,d3
c42,cp42,d18
c94,cp94,d3
c94,cp94,d18
c106,cp106,d3
c106,cp106,d18
j349,jv349,d3
j349,jv349,d18
c111,cp111,d3
c111,cp111,d18
c6,cp6,d3
c6,cp6,d18
j350,jv350,d3
j350,jv350,d9
j350,jv350,d18
c66,cp66,d3
c66,cp66,d18
c95,cp95,d3
c95,cp95,d18
j327,jv327,d3
j327,jv327,d18
j354,jv354,d3
j354,jv354,d18
j355,jv355,d3
j355,jv355,d18
j356,jv356,d3
j356,jv356,d18
c20,cp20,d3
c20,cp20,d18
c95,cp95,d3
c95,cp95,d18
c35,cp35,d3
c35,cp35,d10
c35,cp35,d18
c66,cp66,d3
c66,cp66,d18
c96,cp96,d3
c96,cp96,d18
j299,jv299,d3
j299,jv299,d18
c97,cp97,d3
c97,cp97,d18
j299,jv299,d3
j299,jv299,d18
j1,jv1,d3
j1,jv1,d18
c98,cp98,d3
c98,cp98,d18
c62,cp62,d3
c62,cp62,d18
j350,jv350,d3
j350,jv350,d9
j350,jv350,d18
c0,cp0,d3
c0,cp0,d18
c35,cp35,d3
c35,cp35,d18
j366,jv366,d3
j366,jv366,d18
c100,cp100,d3
c100,cp100,d18
c28,cp28,d3
c28,cp28,d18
c100,cp100,d3
c100,cp100,d18
c72,cp72,d3
c72,cp72,d18
c11,cp11,d3
c11,cp11,d18
c94,cp94,d3
c94,cp94,d18
c69,cp69,d3
c69,cp69,d18
c101,cp101,d3
c101,cp101,d18
c102,cp102,d3
c102,cp102,d18
j1,jv1,d3
j1,jv1,d18
c102,cp102,d3
c102,cp102,d18
c61,cp61,d3
c61,cp61,d18
c100,cp100,d3
c100,cp100,d18
c49,cp49,d3
c49,cp49,d18
c83,cp83,d3
c83,cp83,d18
c17,cp17,d3
c17,cp17,d18
j66,jv66,d3
j66,jv66,d18
c13,cp13,d3
c13,cp13,d18
c50,cp50,d3
c50,cp50,d18
c75,cp75,d3
c75,cp75,d18
c59,cp59,d3
c59,cp59,d18
c73,cp73,d3
c73,cp73,d18
c50,cp50,d3
c50,cp50,d18
c67,cp67,d3
c67,cp67,d18
c39,cp39,d3
c39,cp39,d18
c31,cp31,d3
c31,cp31,d18
j373,jv373,d3
j373,jv373,d18
c103,cp103,d3
c103,cp103,d18
c65,cp65,d3
c65,cp65,d18
j374,jv374,d3
j374,jv374,d18
c26,cp26,d3
c26,cp26,d18
c104,cp104,d3
c104,cp104,d18
c41,cp41,d3
c41,cp41,d18
c105,cp105,d3
c105,cp105,d9
c105,cp105,d18
c65,cp65,d3
c65,cp65,d18
c99,cp99,d3
c99,cp99,d18
c80,cp80,d3
c80,cp80,d18
c14,cp14,d3
c14,cp14,d14
c14,cp14,d18
c90,cp90,d3
c90,cp90,d18
c46,cp46,d3
c46,cp46,d18
j378,jv378,d3
j378,jv378,d18
c7,cp7,d3
c7,cp7,d18
c19,cp19,d3
c19,cp19,d18
j379,jv379,d3
j379,jv379,d18
c97,cp97,d3
c97,cp97,d18
j34,jv34,d3
j34,jv34,d18
c7,cp7,d3
c7,cp7,d5
c7,cp7,d18
c7,cp7,d3
c7,cp7,d18
c43,cp43,d3
c43,cp43,d18
c18,cp18,d3
c18,cp18,d18
c86,cp86,d3
c86,cp86,d5
c86,cp86,d18
c10,cp10,d3
c10,cp10,d18
c106,cp106,d3
c106,cp106,d18
c53,cp53,d3
c53,cp53,d18
c30,cp30,d3
c30,cp30,d18
c100,cp100,d3
c100,cp100,d18
c92,cp92,d3
c92,cp92,d18
c108,cp108,d3
c108,cp108,d18
c109,cp109,d3
c109,cp109,d18
c96,cp96,d3
c96,cp96,d18
c80,cp80,d3
c80,cp80,d18
c110,cp110,d3
c110,cp110,d18
c16,cp16,d3
c16,cp16,d18
c113,cp113,d3
c113,cp113,d18
c110,cp110,d3
c110,cp110,d18
c100,cp100,d3
c100,cp100,d18
c33,cp33,d3
c33,cp33,d18
c30,cp30,d3
c30,cp30,d18
c81,cp81,d3
c81,cp81,d18
c54,cp54,d3
c54,cp54,d18
c17,cp17,d3
c17,cp17,d18
c16,cp16,d3
c16,cp16,d18
c53,cp53,d3
c53,cp53,d18
c111,cp111,d3
c111,cp111,d18
c9,cp9,d3
c9,cp9,d18
c100,cp100,d3
c100,cp100,d18
c114,cp114,d3
c114,cp114,d18
c46,cp46,d3
c46,cp46,d18
j79,jv79,d3
j79,jv79,d18
c111,cp111,d3
c111,cp111,d18
c112,cp112,d3
c112,cp112,d18
c113,cp113,d3
c113,cp113,d18
c89,cp89,d3
c89,cp89,d18
c40,cp40,d3
c40,cp40,d18
c92,cp92,d3
c92,cp92,d18
c114,cp114,d3
c114,cp114,d18
c2,cp2,d3
c2,cp2,d18
c112,cp112,d3
c112,cp112,d18
c53,cp53,d3
c53,cp53,d5
c53,cp53,d18
c107,cp107,d3
c107,cp107,d18
c34,cp34,d4
c84,cp84,d4
c88,cp88,d4
c78,cp78,d4
j222,jv222,d4
c21,cp21,d4
c96,cp96,d4
c64,cp64,d4
c35,cp35,d4
c64,cp64,d4
c17,cp17,d4
j261,jv261,d4
c107,cp107,d4
c58,cp58,d4
c8,cp8,d4
c48,cp48,d4
c48,cp48,d18
j5,jv5,d4
j5,jv5,d18
c2,cp2,d4
c2,cp2,d18
j364,jv364,d4
j364,jv364,d18
c43,cp43,d4
c43,cp43,d18
j365,jv365,d4
j365,jv365,d18
c94,cp94,d4
c94,cp94,d18
c32,cp32,d4
c32,cp32,d18
j175,jv175,d4
j175,jv175,d18
c40,cp40,d5
j113,jv113,d5
j115,jv115,d5
c41,cp41,d5
c41,cp41,d14
c32,cp32,d5
c15,cp15,d5
c25,cp25,d5
c101,cp101,d5
c17,cp17,d5
j286,jv286,d5
c73,cp73,d5
c70,cp70,d5
c8,cp8,d5
c50,cp50,d5
c91,cp91,d5
c73,cp73,d5
j293,jv293,d5
c45,cp45,d5
c55,cp55,d5
c56,cp56,d5
c24,cp24,d5
c100,cp100,d5
c105,cp105,d5
c82,cp82,d5
j298,jv298,d5
c47,cp47,d5
c9,cp9,d5
c53,cp53,d5
c68,cp68,d5
c6,cp6,d5
c108,cp108,d5
c38,cp38,d5
c43,cp43,d5
c58,cp58,d5
c112,cp112,d5
c15,cp15,d5
c77,cp77,d5
c1,cp1,d5
c21,cp21,d5
c1,cp1,d5
c16,cp16,d5
c26,cp26,d5
c21,cp21,d5
c55,cp55,d5
c81,cp81,d5
c45,cp45,d5
c9,cp9,d5
c68,cp68,d5
c25,cp25,d5
c58,cp58,d5
c58,cp58,d5
c22,cp22,d5
c35,cp35,d5
c49,cp49,d5
c20,cp20,d5
c82,cp82,d5
c36,cp36,d5
c40,cp40,d5
c83,cp83,d5
c13,cp13,d5
c14,cp14,d5
c31,cp31,d5
c64,cp64,d5
c84,cp84,d5
c104,cp104,d5
c22,cp22,d5
c30,cp30,d5
c21,cp21,d5
c56,cp56,d5
c52,cp52,d5
c73,cp73,d5
c60,cp60,d5
c57,cp57,d5
c77,cp77,d5
c17,cp17,d5
c93,cp93,d5
c46,cp46,d5
c73,cp73,d5
c3,cp3,d5
c56,cp56,d5
c82,cp82,d5
j313,jv313,d5
c33,cp33,d5
c94,cp94,d5
c107,cp107,d5
c77,cp77,d5
c94,cp94,d5
c34,cp34,d5
c113,cp113,d5
c112,cp112,d5
c68,cp68,d5
c4,cp4,d5
j315,jv315,d5
c21,cp21,d5
c35,cp35,d5
c84,cp84,d5
c5,cp5,d5
c17,cp17,d5
c13,cp13,d5
c38,cp38,d5
c105,cp105,d5
c71,cp71,d5
c30,cp30,d5
c51,cp51,d5
c85,cp85,d5
c97,cp97,d5
c83,cp83,d5
c42,cp42,d5
c95,cp95,d5
c58,cp58,d5
c92,cp92,d5
j321,jv321,d5
c22,cp22,d5
c86,cp86,d5
c23,cp23,d5
c78,cp78,d5
c44,cp44,d5
c76,cp76,d5
c107,cp107,d5
c12,cp12,d5
c39,cp39,d5
c17,cp17,d5
j323,jv323,d5
c49,cp49,d5
c114,cp114,d5
c28,cp28,d5
c2,cp2,d5
c34,cp34,d5
c77,cp77,d5
c24,cp24,d5
c110,cp110,d5
c104,cp104,d5
c22,cp22,d5
c101,cp101,d5
c41,cp41,d5
c108,cp108,d5
c71,cp71,d5
c51,cp51,d5
j334,jv334,d5
j168,jv168,d5
c81,cp81,d5
c0,cp0,d5
c46,cp46,d5
c1,cp1,d5
c64,cp64,d5
c13,cp13,d5
c9,cp9,d5
c98,cp98,d5
c52,cp52,d5
c30,cp30,d5
c111,cp111,d5
c111,cp111,d10
j313,jv313,d5
c20,cp20,d5
c103,cp103,d5
c88,cp88,d5
c105,cp105,d5
c58,cp58,d5
c8,cp8,d5
c22,cp22,d5
c51,cp51,d5
c86,cp86,d5
c86,cp86,d18
c42,cp42,d6
c13,cp13,d6
j85,jv85,d6
j284,jv284,d6
c46,cp46,d6
c23,cp23,d6
c23,cp23,d18
c81,cp81,d6
c81,cp81,d18
c33,cp33,d6
c33,cp33,d18
c29,cp29,d6
c29,cp29,d18
c18,cp18,d6
c18,cp18,d18
c37,cp37,d6
c37,cp37,d18
c87,cp87,d6
c87,cp87,d18
c96,cp96,d7
c86,cp86,d7
c76,cp76,d7
c41,cp41,d7
c62,cp62,d7
c77,cp77,d7
c46,cp46,d7
c30,cp30,d7
c54,cp54,d7
c33,cp33,d7
c45,cp45,d7
c45,cp45,d18
c10,cp10,d7
c10,cp10,d18
c47,cp47,d7
c47,cp47,d18
c71,cp71,d7
c71,cp71,d18
c3,cp3,d7
c3,cp3,d13
c3,cp3,d17
c3,cp3,d18
j16,jv16,d8
j40,jv40,d8
c113,cp113,d8
j109,jv109,d8
j110,jv110,d8
c107,cp107,d8
c66,cp66,d8
c4,cp4,d8
c26,cp26,d8
c28,cp28,d8
c107,cp107,d8
c103,cp103,d8
c102,cp102,d8
c102,cp102,d18
c66,cp66,d9
c3,cp3,d9
j88,jv88,d9
c21,cp21,d9
j40,jv40,d9
c38,cp38,d9
c10,cp10,d9
c76,cp76,d9
c76,cp76,d18
c35,cp35,d9
c35,cp35,d18
c46,cp46,d9
c46,cp46,d18
c63,cp63,d10
c61,cp61,d10
c40,cp40,d10
c52,cp52,d10
c52,cp52,d18
c59,cp59,d10
c59,cp59,d18
c97,cp97,d10
c97,cp97,d18
c0,cp0,d10
c0,cp0,d18
c10,cp10,d10
c10,cp10,d14
c10,cp10,d18
c52,cp52,d10
c52,cp52,d18
c14,cp14,d10
c14,cp14,d18
c46,cp46,d10
c46,cp46,d18
j40,jv40,d10
j40,jv40,d18
c51,cp51,d11
j31,jv31,d12
c1,cp1,d12
c54,cp54,d12
c28,cp28,d12
j50,jv50,d12
c76,cp76,d12
c29,cp29,d12
c85,cp85,d12
j26,jv26,d12
c1,cp1,d12
c88,cp88,d12
c90,cp90,d12
c48,cp48,d12
c101,cp101,d12
c45,cp45,d12
c4,cp4,d12
j38,jv38,d12
c23,cp23,d12
c45,cp45,d12
c45,cp45,d13
c10,cp10,d12
c24,cp24,d12
c28,cp28,d12
c73,cp73,d13
c111,cp111,d13
c114,cp114,d13
c56,cp56,d13
c57,cp57,d13
c0,cp0,d13
c23,cp23,d13
c23,cp23,d18
c69,cp69,d13
c69,cp69,d18
c24,cp24,d13
c24,cp24,d18
c61,cp61,d13
c61,cp61,d18
c5,cp5,d13
c5,cp5,d18
c85,cp85,d13
c85,cp85,d18
c33,cp33,d13
c33,cp33,d18
j38,jv38,d14
c108,cp108,d14
c99,cp99,d14
j122,jv122,d14
j134,jv134,d14
c83,cp83,d14
c93,cp93,d14
c93,cp93,d18
j40,jv40,d14
j40,jv40,d18
c28,cp28,d14
c28,cp28,d18
j40,jv40,d14
j40,jv40,d18
c90,cp90,d14
c90,cp90,d18
c73,cp73,d14
c73,cp73,d18
c83,cp83,d14
c83,cp83,d18
j82,jv82,d15
c109,cp109,d15
c18,cp18,d15
c69,cp69,d15
c69,cp69,d18
c7,cp7,d15
c7,cp7,d18
c61,cp61,d15
c61,cp61,d18
c14,cp14,d16
c91,cp91,d17
c91,cp91,d18
c23,cp23,d17
c23,cp23,d18
c20,cp20,d17
c20,cp20,d18
c34,cp34,d17
c34,cp34,d18
c69,cp69,d17
c69,cp69,d18
c51,cp51,d17
c51,cp51,d18
c38,cp38,d17
c38,cp38,d18
c21,cp21,d17
c21,cp21,d18
c16,cp16,d17
c16,cp16,d18
c44,cp44,d18
c51,cp51,d18
c82,cp82,d18
c67,cp67,d18
c21,cp21,d18
